0,CGTTC,GAAGC,CGCGACTGTACCG,CGTTAAGCA,CTGACGTACTCGCC,TTTAGAG,CGTCTTCTATCA,AGTTAGGCTA,GGATCCTCCTCTAG,ACACACCCGTGT,GTGGAAAATGGTC,ACGGGGAGCTG,TTCAT,CCAACACTC,TGAGGCCG,TTCTATAAA,GGTGACGCATGTT,TATGGG,CATATCTC,GTTCCTCTGC,TTGACA,TTGACA,TGGCAGG,TATAAT,TATACT,TTGCA
0,14,None,None,None,None,None,None,None,None,None,None,None,40,None,None,None,None,None,88,15,44,58,73,68,80,85,None,38,None,22,None,93,None,None,None,47,None,6,None,30,0,None,None,64,None,None,None,None,None,None,None,None
1,GTAATCATG,GTCGGAT,ACTGGTTGAGAGGA,TCAATATGAGAAG,ATCCGTTGGTAAC,TTCAATTGT,CAGGTCTCT,GCTTATCACG,TGTAGG,TAGGGC,TAGCCAAAAGGTT,TCCTACGTGGCTCC,AGATTC,ACAGCCACAGTTACT,TTCAGGTTACCA,AACCA,ATGGCAATTCCTC,GTACAAATAA,CATGCGCGTACC,GAGCA,TTGACA,TTGACA,TGGCAGG,TATAAT,TATACT,TTGCA
1,None,None,None,None,None,None,82,None,None,None,None,None,None,None,0,None,None,None,None,None,45,51,79,69,74,90,36,16,None,None,5,54,None,22,32,30,None,None,60,None,None,65,None,None,None,95,None,None,None,None,None,None
2,AGCATCTAT,GTCGTCCTAG,AGCAGAGTACA,ACGCTTGCCAG,TCTCTA,GCGCCCGT,ATCTAGCCT,GATACGCCC,CATGTA,CTTCACC,AATGATAGAGA,ACATGGG,TCTCGGCCCGATA,AAAGGCTTAATCGC,ACAATC,ACCCCACTCGCG,GCGACGTGCCCT,TGGATAATTATGA,TGTGTTTA,ATCCGCCTCTTG,TTGACA,TTGACA,TGGCAGG,TATAAT,TATACT,TTGCA
2,None,None,None,None,34,None,None,None,22,15,None,None,None,None,46,None,None,None,59,49,43,70,76,65,93,88,None,0,24,None,None,8,80,None,None,None,34,20,None,None,None,None,None,None,None,None,None,None,None,None,None,None
6,ATCGTCC,TGGTTATGCCAGAG,TGTCGCGT,TGAAGACCGGGAT,CATTAATAAT,GATTCGC,TTCCCCGG,TTCTAGTCCTGCGAG,GATCATTAATC,TAGTC,CGTCTCCGGTC,CTCTAAGTATGT,CGCTAACCGATAAAG,CTTGC,AACAGTCA,GTACTTTATAATAT,AAAGTTATTTGCTC,TATGACTCGT,GTACTAT,CGAAGATAAC,TTGACA,TTGACA,TGGCAGG,TATAAT,TATACT,TTGCA
6,4,None,11,None,45,None,None,None,None,60,16,None,None,81,33,None,None,None,None,26,41,54,70,65,77,82,None,None,None,None,None,0,None,None,None,None,None,None,None,None,None,None,None,86,93,None,None,None,None,None,None,None
7,ACACA,AGGTAA,AGGCTATCGGT,CCCCTT,CGTCGCC,TGCAT,CAGTAGTGTCA,AGTTAGAGGCGTGC,ACAGAACA,GAACGACTACAG,GGTAGCACTGAGATG,TGATT,CCAAAGAACCCT,GAGGTCGGGCG,CGCATCG,AACTGTTCACCGTAG,ATCTAGACCC,AATTCGGCGTTGAGG,GCCGTACCGCCCG,AATGTA,TTGACA,TTGACA,TGGCAGG,TATAAT,TATACT,TTGCA
7,None,None,None,40,5,91,None,None,65,None,None,59,None,None,0,None,33,None,9,None,49,62,78,73,85,90,95,44,None,None,None,None,50,None,None,None,None,None,None,16,None,None,None,None,None,27,None,None,None,None,None,None
9,CGATCTGG,ACCACCGTTCAC,GTGACTACGGACGCC,ACGTTGC,GCTTC,TTCAT,CGTTAC,TTGGTTGGGATG,GTGAAGCCGACTTCG,TCTGCGATTCGTG,TTCGAGGGGCTTA,TTGTTTTACATG,GGGTAC,CAACCCCA,GAACTCATTTGCCGA,GGGCCGGGTTGATGC,TTGGAGTGCC,TTACCCTTCGG,TGCTCATCCC,CCCAGCCA,TTGACA,TTGACA,TGGCAGG,TATAAT,TATACT,TTGCA
9,37,None,None,None,None,0,21,4,None,None,None,None,32,None,None,None,90,23,None,None,51,62,68,75,85,80,None,None,None,17,57,None,None,None,None,None,None,None,None,46,None,None,None,None,10,42,None,None,None,None,None,None
11,ATGCCACGATCTAC,CCCTAGATGCTTGAG,GTCTGTAGACGTT,TTTTCACTGAT,TAGATTGGGCATA,AGCCG,ACCATCTCCTATA,GTATGAACAT,ATGAAAG,ATTTAAGTTTCGTA,CACGACAAATGTA,CCCACGG,CTAATA,TCAGCCCA,CTTGTTCCTCTCG,AGTAACACCA,GTGTTTCGTCC,GTCTTTCGTTTGTGT,CTATGATA,GCTCACGCCG,TTGACA,TTGACA,TGGCAGG,TATAAT,TATACT,TTGCA
11,None,None,None,None,None,None,None,None,None,None,None,4,17,0,None,None,None,None,None,None,44,58,73,68,80,85,None,None,None,89,None,64,21,None,38,None,None,None,None,None,None,30,None,None,50,8,None,None,None,None,None,None
13,CACGCTCGAC,TGTGCCACTGCTT,CTTTATAAGA,CGTACCGAATA,ATCCATGGCCCAAG,TACAA,AGTCTGG,CAGCCGGCGCA,AATATTGC,TTCAGTAGTAGAGA,CACGCAGCC,CAGTGGA,CTTCATGTCT,AGGAAGGGAGCATTC,TGACCGGG,CTTGACCGTTTGC,CCGTGTGCTGAG,TGAGGTATAT,AGACGTGAACC,TATTTG,TTGACA,TTGACA,TGGCAGG,TATAAT,TATACT,TTGCA
13,None,None,13,None,None,None,None,39,None,None,35,63,5,None,None,None,None,None,20,56,59,70,76,83,93,88,None,None,None,None,None,53,0,None,47,None,None,None,None,None,29,None,None,None,None,None,None,None,None,None,None,None
14,CGCAGCA,TCTCATTATTAGG,GAATTACGGACATT,TATTAAATTTGACC,TATTAA,GTCTCAGCA,TTGGACGCTGTCCCG,TTCAGAGTTTTTT,CGGCCAGAACA,CCGCACATATGTCG,CTTCGGTAAAA,AGCCTACAGGAGA,CCTCCCA,GCCTACTT,GTATCTGTCCGCGTG,CAGAGGTCCAAACG,CCAATTGATAAAA,TTTGCGGGGAC,TGTACA,CGACCAT,TTGACA,TTGACA,TGGCAGG,TATAAT,TATACT,TTGCA
14,None,None,None,None,74,37,None,None,None,None,11,None,None,6,None,None,None,None,None,57,46,63,80,69,87,92,52,None,None,None,None,None,None,18,None,None,None,None,0,None,None,None,None,None,31,None,None,None,None,None,None,None
15,AAAATTATAC,CGCGTGT,TTAACG,CATCGTTAA,CGTCAA,CGCACAAGA,CGTAGGCGAACACA,CTACAGCGACAGG,TACATGGG,GCTCCCCCAC,TGTGCATCTCAGC,ACTTTGGTACAAGTG,ATGCGTGCTCCTAC,TAGTGCC,ATACGTGGTTATTCC,ACTTCCATGGTGC,GGCTAGG,CCACATATC,GAGTGCGAT,TAGTAA,TTGACA,TTGACA,TGGCAGG,TATAAT,TATACT,TTGCA
15,None,None,90,85,94,None,None,None,None,0,None,None,None,None,None,None,27,6,None,37,43,53,70,65,77,82,None,46,None,None,None,19,None,None,59,None,None,None,None,32,None,None,None,None,12,None,None,None,None,None,None,None
16,CCATCGAATCACGC,TCATAAAAATAACA,AAGCG,ACAGTCTGTGC,TTGTATAATCCT,ACACCGTCG,CCACCATCATGG,ATCGATTGTGTGAGC,TGGGGG,ACTATTACATT,GCACCTGACCTGTA,GCCTCGGGCGA,TGGTG,TTGTCCGTGATAAAG,GTTCG,GAAGCAACCATGA,TGTTTCAA,CCGACTC,CCAGTTTG,GGCCACA,TTGACA,TTGACA,TGGCAGG,TATAAT,TATACT,TTGCA
16,3,None,None,None,None,55,None,None,None,None,None,22,None,None,None,None,91,34,47,None,41,52,69,64,76,81,None,None,14,83,None,None,None,None,0,None,None,None,45,None,30,None,None,None,None,18,None,None,None,None,None,None
17,TGGCTCTATG,CATCTACTCCCG,CTATGGAGAGGGT,GGCTTTGAT,GCCTAAA,CGAACTAATGCTG,AACGC,ACAAG,ATGTTATCGCA,GAGCT,GACACGAGAGC,CTGTCTCTGAGAATT,TATTGGAGGCGC,GAACTGG,AAACAGTATAAA,GCTAGCGATCGCGA,CGCACACAGCAACA,CGTTGGGAGGG,GGACG,GGGTCCAGAT,TTGACA,TTGACA,TGGCAGG,TATAAT,TATACT,TTGCA
17,23,None,28,None,None,None,None,62,None,None,48,None,None,19,None,None,None,6,15,37,46,59,75,70,82,87,None,None,None,91,0,None,5,None,None,65,None,None,None,None,None,None,None,None,None,None,None,None,None,None,None,None
19,CCTTGCCAA,TAATTGAGGTAG,TTGTTTTGTTGT,CAGTAA,TTGAGTGACAGGTA,CCCAGAGT,GCTTGAAGCGCA,GTAACGTTA,ACATTCATTTACTTT,TTTTAGAAATCGCTC,GCGCT,CACGC,CATACGCCTA,TACCTCAATGAAGCG,CGGCTACTCTCAG,TTCTCTACA,CCCTCTG,ATTTTGAACT,GGTTCCTGCAC,CGCAACGGAA,TTGACA,TTGACA,TGGCAGG,TATAAT,TATACT,TTGCA
19,None,None,None,89,None,None,None,91,None,None,None,41,61,None,None,None,None,20,33,11,46,57,74,69,81,86,None,None,None,None,None,27,0,None,None,None,9,None,None,None,None,None,50,None,None,None,None,None,None,None,None,None
20,TGTTACCATGTGTA,GACAAGGT,AGTATCT,TATTAGTGTTTAGA,CCTTCTTCCCAC,GCGCTT,TGTGTTAG,CTTGGAGAAGATGG,ACCCGTCTA,TCTCGTTCATTGTG,AAGTTGTTA,GGCCATTG,CTGACCC,AGTCGGCC,AATGAAGCAG,GCCGG,GTCGCGCAAAGGAAC,GTTAACTGGTAGA,CGCAATTACA,GGATGTGAAGGA,TTGACA,TTGACA,TGGCAGG,TATAAT,TATACT,TTGCA
20,None,51,None,None,None,None,None,None,23,None,0,44,20,36,None,None,None,5,90,None,49,58,64,71,81,76,None,None,15,None,None,87,29,None,None,None,None,None,None,None,None,42,None,None,None,None,None,None,None,None,None,None
22,AGATGGGAC,CTCTCAAGGGTC,GCGGCCTT,GCTTATA,GAACCCAAACCCAAC,GAAAGCGTCACCGCG,TCGACAGAGT,GCTCTAAAG,TTCGAATTCG,GTGGGAGTCCGCG,GCAAT,GCCGGTATGAAAGC,TGCGTTGTCCAGTG,TTACATA,TCCTGC,CAATACC,CCCCGACGC,ATAACCCCGGCGGAG,GTAAGGCCTCGTCA,CGCAGCGCTGT,TTGACA,TTGACA,TGGCAGG,TATAAT,TATACT,TTGCA
22,None,None,14,62,None,None,27,None,20,None,90,None,None,0,None,None,None,None,None,None,43,70,76,65,94,88,35,None,None,None,None,None,None,7,None,None,None,None,None,None,78,84,54,None,None,46,None,None,None,None,None,None
23,ATAGATCTAAACGC,TATGCTC,TCTACCACCCT,GGGGGGGAACC,ACATTACGTGA,GTCAAGCTA,TAGTCTGGATAGCCT,GGCAATTT,ACGGGAGAGGGTTT,GATGA,TAGGGCTCTGAGTGC,CAACTATCTAGATA,TCTAAATATCC,CCGCACTGCTAT,CCGCTTCGG,GCTAAATGCA,GATTCCCGTTCAT,TTATCG,CCTCCCTAGCCGAT,GTTATGACAGTC,TTGACA,TTGACA,TGGCAGG,TATAAT,TATACT,TTGCA
23,None,None,None,15,53,None,None,82,None,39,None,None,None,None,None,None,None,None,None,None,44,50,77,67,72,88,None,62,30,None,None,0,None,None,None,None,None,None,None,None,8,89,None,25,None,None,None,None,None,None,None,None
24,GGGGATATGAACTA,GCCCGTCTTCCT,CCAGACACATACT,ATCCATTGGACAT,GTCTGAATGCTCGA,GTTTGGTTTTTTG,GATCCGG,TGCGC,AAGGTCGT,GGATTGA,TTACACTCAACCGAC,CCCGGGATG,GGATGCTATAGGC,AATACAACCATGGCT,TGGGC,TTGTTATGCCTAA,GCCAGTAGA,GTGTCAAG,GAGCATC,AACCTTCAAC,TTGACA,TTGACA,TGGCAGG,TATAAT,TATACT,TTGCA
24,None,None,None,None,None,52,None,95,None,43,None,None,None,None,9,None,None,None,33,None,46,62,78,68,85,90,None,None,None,None,None,None,13,None,25,None,None,36,None,None,None,None,73,19,None,0,None,None,None,None,None,None
26,TTTCTTGCT,TGCTAGATCTGGATG,TTCACT,GTCAACGCTAAT,CACAATA,TGGAAAAAT,TTTGTATATCT,GAAACC,GGGGCGATCTA,GGTATTCTATCTTG,TCGATCTGGGCA,GAGATTACAT,CATGCCGACAAGGA,GTGTGT,TGGGGACGG,CGCTGTGACAGAAC,AACCAGTGTATGCA,GCCAACAATCCGATG,GATAGC,CGCCAG,TTGACA,TTGACA,TGGCAGG,TATAAT,TATACT,TTGCA
26,15,None,10,None,58,32,None,None,None,None,None,None,None,None,0,None,None,None,None,None,40,52,68,63,75,80,None,None,None,45,None,None,None,7,None,None,None,84,None,55,None,None,None,None,21,26,None,None,None,None,None,None
27,ATCGTTCTAGC,TTAGTAT,CGTCAGGGAGGCAGC,GAGGAAGA,ACGCAAGGCC,ATCGCGATCGAACC,AGCGGTATGAATC,GGATACCTTTCT,TGGTCGCCAAGTT,TTTGGTA,ATTATTCCAGG,TCTATTTAA,AGGGCATAGGCTACG,TTTGACATTGGCC,ACTACGA,GGCTTGAACAGTA,CTAAACTTATC,GAAGATTAG,ACGGACACGTAGAGC,AAAAAGT,TTGACA,TTGACA,TGGCAGG,TATAAT,TATACT,TTGCA
27,None,None,None,None,None,None,None,None,None,None,None,None,None,None,None,None,None,None,None,None,51,61,67,74,84,79,17,85,None,92,None,None,None,39,None,0,None,33,None,None,27,None,7,88,None,56,None,None,None,None,None,None
28,CCGTCATTGGCCT,ACACTCATCATATT,TAACCAAACGC,GAGGTGGT,ACTTGTT,GGATTGAACGCT,TGACTCTCTAAGATG,AGGGCAT,CGAGATG,CGCGAACATA,GATCAATC,GAGAGACTA,AAGTTCAT,TTAACAC,TTCCACCAAGAGAGA,AAGACG,CGGAGGCT,TAACGTGAAGGC,TCTCAAACACGAC,AGTTAG,TTGACA,TTGACA,TGGCAGG,TATAAT,TATACT,TTGCA
28,None,None,10,0,39,None,None,81,31,18,None,56,None,None,None,27,None,None,None,None,44,50,77,67,72,87,None,None,None,None,None,None,None,None,None,None,None,None,35,6,None,None,91,None,None,62,None,None,None,None,None,None
33,CTTCGG,TGTACTG,GCCAGCGA,AACCGGC,TGTAGCAAT,GGGTGAACGATAG,TTATTATCCTCAC,GACTCAGA,TGCGAAACCTCAGT,TTTATAC,AGCTCGGTA,CCCCTTCG,TCAAGAAC,GTAACAGTT,GGTTGAAGGACGACC,TTGATAATG,AATGCGGAAAGTAG,TCGGCACCCGCCC,CTGTCCCGTAGGGG,ATGCCCCCGAGGAC,TTGACA,TTGACA,TGGCAGG,TATAAT,TATACT,TTGCA
33,None,None,None,None,None,19,None,None,None,92,30,None,57,36,None,None,None,None,None,None,43,70,76,65,94,87,13,47,6,82,None,None,None,0,None,None,None,14,None,None,None,52,None,None,None,None,None,None,None,None,None,None
35,TGCTGTTTAT,GCACCTTTGCGG,AGACCGTGGGGA,TGTGT,TCTTGTATCATGGTA,TCACG,TACGT,GATAGGTA,CAAACAGCG,AAACAACTT,GCTGCTTCAAGC,CCCTT,ACGTGGGCCC,GTATCAGATAG,CGAGATGGACTCG,GCAGATCCTTG,ATTGCGTGC,TACCATTCA,TGAGGCA,ACGGCG,TTGACA,TTGACA,TGGCAGG,TATAAT,TATACT,TTGCA
35,None,None,None,None,None,None,31,None,48,None,None,39,32,None,None,None,0,None,None,None,42,69,75,64,92,87,None,None,None,45,None,55,None,20,None,12,None,None,None,23,None,None,None,57,6,82,None,None,None,None,None,None
37,TACCTGCGAG,CTGTGATTTTAGTCA,AGTTGCTCATTC,TTCTCG,CATGAAACGTGG,CCACTTGGTCAAA,TTGTGAACTATTT,GATTGCCT,AGAAGATAGC,CTAAAATAGAG,GGCTTGGT,TTTCGACGAGG,TGTTGCCCGGTCTTC,TCCTGTGCGCG,TTTCGAAGCTGCGC,GCGATAGAGTAA,ACCGACGTAG,AATGTTTAAAGCT,TCATG,TTTGGAAT,TTGACA,TTGACA,TGGCAGG,TATAAT,TATACT,TTGCA
37,None,None,None,55,0,None,None,None,None,None,36,27,None,None,None,None,None,None,None,12,43,70,76,65,93,88,57,None,16,None,None,None,None,80,49,None,None,None,None,None,None,None,None,None,0,None,None,None,None,None,None,None
38,AAGTAAGGGTGCTT,GAAGAC,TGGTCCAGT,TTGCAGTGGCCGGCA,CACGTTTCCCGA,AAACTAATGCGGCCT,GCAACGACAGAACCA,GAGCCA,GAGTGAC,ATATTAGGAAAG,AACTGTAT,GTTAC,GCGGCAC,TTGCGATGTCG,GATTC,TGGGGCCCATTGGG,TTCTACAGC,TTAAATGA,GACAGTGCCTGCGC,TGCCGGGTT,TTGACA,TTGACA,TGGCAGG,TATAAT,TATACT,TTGCA
38,None,None,25,None,None,None,None,50,None,None,61,None,11,None,88,None,90,None,None,None,44,56,71,66,78,83,None,32,None,None,None,None,None,None,18,None,None,0,None,None,None,None,None,36,None,2,None,None,None,None,None,None
39,CGCACGCTTA,GCAACAGTCCCTG,CACTAGCAACCA,CCAGCCGAATAAAC,GCTTATAGCGT,CTTGACTTGAAA,GATCCAGAG,CATCCTATGTCCCA,CTGCCGAGGACACG,AAGTCACC,GCTACT,CGATA,ACGGCCAAAGGAAGG,CCCTCGGT,GACAGGGATCAGCC,TGTGGGACGC,CCCGGATTCGTA,TATCATGAACGA,TGGAGC,ACGCTTA,TTGACA,TTGACA,TGGCAGG,TATAAT,TATACT,TTGCA
39,None,None,None,None,None,None,None,None,None,None,21,95,None,56,None,0,None,None,None,None,44,50,78,68,73,90,12,81,None,None,6,None,25,None,None,61,None,None,None,None,None,None,None,32,None,12,None,None,None,None,None,None
42,ACTCGAATAACCTA,CTATTG,CGCTGTGG,CCCAGAAC,CTTAGG,CTGTGATGGT,GTAGCCGCCGAG,TCCTTAATTTA,GTGTGGCAC,AGAACAGA,AATTAT,GCGCAACT,TACGCTAGAGTCCT,AACGTATGCCTTAA,GATGCCTTC,TGATTCACTAGG,AATAGA,CGCCATCTGCCTT,TTTTC,GATGATGCCTTTG,TTGACA,TTGACA,TGGCAGG,TATAAT,TATACT,TTGCA
42,84,44,None,27,None,11,None,None,19,30,None,5,None,None,36,None,None,None,53,None,47,58,64,71,81,76,None,None,0,None,94,None,None,None,None,None,72,None,None,None,None,None,43,None,None,None,None,None,None,None,None,None
43,TATAGCCTC,TCTCTTACTCAGTTA,TTCTA,GTCTGAA,TTGAGTATTAGGTC,CACTGCTTAGC,ATTCATGAC,TGCGAATATGGAAAT,TTGAAAGTGGTCC,CAAGAT,TCCAGTT,CTACCTGCGTC,GATGTGGAGGAGGA,TTGAATCACATT,ACTCGGTGCC,AGTCCCATGGTAAGT,CACTCCGTAA,ATTGCGCGTAATATT,CCGATGGTTT,AGAGCGTCGTA,TTGACA,TTGACA,TGGCAGG,TATAAT,TATACT,TTGCA
43,None,None,None,None,None,None,None,None,None,None,81,None,None,None,None,None,45,None,None,54,41,68,74,63,91,86,None,None,12,0,None,None,31,None,None,38,None,4,None,None,23,None,None,None,15,None,None,None,None,None,None,None
45,GTGCGT,TCAGTTG,TGCCGGCT,TGGACTC,CGGATCTAAGGC,GGCAGTCCGGGGATG,ACCGACATCGA,TGGAA,AATGAAATAATA,GAGGGGCA,TGCCGT,ATGACCTCA,CAGTCAATATGGGAA,TATATCTGTTGGTAC,CTCTGG,AGGTCGAC,GTGCG,CGCTAAGGAACG,AATCGCTTGCTGC,CGCTGTGTG,TTGACA,TTGACA,TGGCAGG,TATAAT,TATACT,TTGCA
45,63,None,None,None,None,None,18,None,None,27,None,None,None,None,None,82,63,None,None,57,45,51,78,68,73,90,None,33,11,5,None,None,None,0,None,None,94,37,None,None,2,None,None,None,None,None,None,None,None,None,None,None
49,GGAAGCA,CGCCCAT,ACGAAAT,TCAGTTCCAT,TGTTTT,TGAAGGTA,TGAAGTGGTAA,AGCCTACGTGAGG,TTAACTAA,CTCTCCAA,CAGCCTCGCAGATAT,GTTTGTAGCTAAC,AAATCACAGTCTT,CTTGGGT,AAGGG,ACCGGAAAGTAAAG,GAAACGTATCAC,ACGGATGGAG,CACGAACAATGGGCC,AATTC,TTGACA,TTGACA,TGGCAGG,TATAAT,TATACT,TTGCA
49,None,None,None,None,85,62,None,None,None,10,None,None,None,38,None,None,None,None,None,6,44,50,78,68,73,89,31,93,25,55,None,None,None,None,0,None,None,None,16,None,36,None,None,None,None,None,None,None,None,None,None,None
50,ACTCCCCAG,GGGTCGCAC,TCTTCCTT,AGTCAGG,ATGTCGTAATT,CAGTAGGATGTTAA,GATATAGGGTTAATT,ATCCCTAAACCC,TTCCGCTTCTCTT,GTTGAAC,GAGTGAGGTACG,CGATCTCATTG,AGTCCT,TTGTATCTTGA,ACCCAGG,AGAGCAACAGGTCC,AAACGGAC,CTGGTGTCGGGT,AGATGTCGTTGCTGG,CGAGG,TTGACA,TTGACA,TGGCAGG,TATAAT,TATACT,TTGCA
50,None,None,32,23,None,None,None,None,None,11,None,None,None,38,5,None,None,None,None,95,45,51,78,68,73,90,17,0,None,None,None,None,None,None,None,None,None,None,27,None,None,None,84,56,None,None,None,None,None,None,None,None
52,GCACAAC,GCTATA,CCCCCCGCTTCT,ATGCAGCC,ATCCGCGACATAG,GCCTC,GGAAACCT,ACAACTTCTCAATGA,GTTAAA,AACTGTCCTGTC,CGGTCGCC,CCACGT,TAGGGGT,CATCCCATACGA,GCCCC,CCTCCAGTAAACC,GGGGCG,GTCTCGGCGGGG,GCGCCTAT,CGCAGGGGTGGCA,TTGACA,TTGACA,TGGCAGG,TATAAT,TATACT,TTGCA
52,93,72,29,None,None,None,None,None,None,None,23,None,None,None,28,None,None,None,None,None,40,52,79,62,74,91,None,None,None,11,None,9,83,None,18,42,None,None,57,None,None,0,27,None,66,None,None,None,None,None,None,None
54,GCAAACGACTGAA,AGAAGTG,CCAGGGCATCCA,TAAGGGTCGC,ATGTCAGT,GCGAATG,TCAAACTA,CGAAACAT,GGCTTTAG,TCACGAGCTT,AAGCGAGTCGTGGG,GATTGCCTG,TGGCTC,GATCGCCACTCGTAA,GGAGAATGGCC,CACTCCGCA,GGAGAC,TCGGGC,CGCGAGCACA,CAGAGCAATTATTA,TTGACA,TTGACA,TGGCAGG,TATAAT,TATACT,TTGCA
54,None,None,None,None,None,0,None,None,12,40,None,None,36,None,None,91,25,9,None,None,48,61,76,71,83,88,None,65,None,None,29,None,17,4,None,None,None,52,None,None,None,None,None,None,None,None,None,None,None,None,None,None
56,ATCGACAATGACAC,TGTGGG,CGTGCCGCC,GATCTCTA,GTGATA,CAGAGCTA,TCCGGGGTCTA,GCTTGTCTCTAC,GGTCTCTAAC,TCGGGAAGAG,TGGCGA,AACAGTCAATTCGA,TCCAGTTTGTATACG,TATCAACGA,GTTGGCATAG,TGTAGTTTCA,GAAGGGAC,ATATTTTCCT,CCATTAAGTCGACTG,GAATAACAAGATCGC,TTGACA,TTGACA,TGGCAGG,TATAAT,TATACT,TTGCA
56,None,0,39,13,68,92,None,None,None,None,28,None,None,6,None,None,32,None,None,None,48,62,77,72,84,89,None,None,None,None,None,None,None,None,None,None,None,None,None,None,18,None,None,53,None,None,None,None,None,None,None,None
58,GTAGCGTACC,TGTAATGAGTCTAT,TGCTGATTGCTTCTG,ACTGTCGAACGT,ACCTAT,GGCTAA,GACTCTAAG,CCATAAAAGA,AGGCAAT,AATATCGTTCGG,AATTAACGGATGGGG,CTACATAAT,TCACTG,TAGCGGGTA,CTCCAGGTGC,CCCCAAAAGGT,GTCAT,TCTTT,GCGGTAG,GAGCAAGTGGTAG,TTGACA,TTGACA,TGGCAGG,TATAAT,TATACT,TTGCA
58,None,None,None,None,68,42,None,None,None,None,None,15,None,4,None,None,30,34,0,None,48,59,76,71,83,88,9,None,None,None,None,None,24,34,53,None,None,None,63,None,90,None,None,None,None,None,None,None,None,None,None,None
60,CTCCG,GAATTGTGAAC,CTGGTGGTTTCCCC,CACTTAAT,ACACTTACGAA,CAAGATATGTT,GAAACGATT,CCAATG,TTAAATGAACCGG,TATGGGGAGCG,ACTTTACGTCA,GAGCGAGTG,AAAATACCATG,GCGGGGTGCTAG,CGCTTTTGCTACC,TGGCCCTAACCATAT,GTTGGAATTCCG,ATGGA,TGACGATTACCCTG,TGTCAACCCT,TTGACA,TTGACA,TGGCAGG,TATAAT,TATACT,TTGCA
60,None,8,None,23,0,None,None,None,None,None,82,None,None,None,None,None,None,None,None,None,46,55,62,69,79,74,18,None,None,None,None,None,28,59,None,None,None,91,37,None,None,None,None,35,None,51,None,None,None,None,None,None
61,ATGTTATGGG,ATGTCAATTCTTATG,GTAAAGCCTAG,GTCGG,CGGTTCTAT,TAATTATTA,TACAGGC,GCCACTAGCAA,GACTTTGATTACACA,ATGAGCTA,AATTACGCTTCA,CTCTTCAC,TGGCC,GTCGACTTTCTT,TAGCT,CAGGTCTAGATGGTT,TGGTA,GAGATGGGCAC,TCTAGGGA,AGGCCAAGCAT,TTGACA,TTGACA,TGGCAGG,TATAAT,TATACT,TTGCA
61,None,None,None,0,2,None,None,None,None,9,19,None,None,None,None,None,64,None,None,None,44,50,77,67,72,87,None,None,None,None,None,15,37,None,None,None,None,92,82,None,12,None,None,None,56,30,None,None,None,None,None,None
62,TGTTCTACT,CGACGTCCCAGTA,AAGGTACG,AAAACTGCCTT,ACGTGGAGCG,AGCTGGATCCT,CATAAGTCC,GGGCAGATTGCAGA,TGATC,CCTGGTTT,ATCAAT,AAATACCTAAT,GTTTGGATGG,GGTGTTATAAT,CACTGGCACA,GTTACGCGCCTGTC,TGTGTTCACAA,AACCGA,GGCTTCGGGCTATG,TGCCCCGTTGAGG,TTGACA,TTGACA,TGGCAGG,TATAAT,TATACT,TTGCA
62,20,None,None,None,None,None,91,None,2,54,None,None,38,66,None,None,None,None,None,None,48,60,76,71,83,88,None,25,13,None,6,None,None,None,None,None,0,None,None,None,None,None,None,35,None,None,None,None,None,None,None,None
63,TGAGCCCTAGAT,GGCACGTTGGTA,TTGCAT,CGATG,GTGGGAGACCGGACT,GCTGGTG,TCCCGCGCGCCCGGC,ACGTGATTT,GATACTTTACGTTGA,GAGCAGGCGGCCTGA,CTGCAGCCACCAGG,ACGTTCCTCGAGCAA,GACAA,CCTGCCA,CGGTCCGGTGACGG,GACGTCC,ATAGGG,CCGAT,GACCGTGAGAAG,CGCCTCTGAA,TTGACA,TTGACA,TGGCAGG,TATAAT,TATACT,TTGCA
63,40,None,89,None,None,19,None,0,49,None,None,None,72,None,None,30,None,None,None,9,60,70,77,84,94,89,None,None,None,64,None,None,None,None,None,None,None,None,None,24,None,None,35,65,None,None,None,None,None,None,None,None
65,CTCCTTCT,GCACTATTG,ATATGCAGTTG,CTACCGG,TTCTGT,AGAGACCGCCA,TCCCTAAACGTTA,TCACATTGGAT,TAAGTGAGAG,TAATACCCCGTTTC,TGTTAAATC,GTTAGGT,TTGGATTCTC,ATCTGCGATTT,AGCCGCTGGAACAT,GGCCCGCGGCC,CGCGC,AATATAAG,AGGGAGAATCACC,TAACAGTCGGCCTGG,TTGACA,TTGACA,TGGCAGG,TATAAT,TATACT,TTGCA
65,4,48,None,93,8,None,None,18,None,None,11,None,23,None,None,None,0,None,None,None,42,54,71,66,78,83,None,None,58,None,None,None,None,None,30,None,None,87,None,None,None,None,None,36,None,None,None,None,None,None,None,None
67,TTGGA,GTGTTAAA,AGCGGATCTCG,AATTGGT,CGCTCTAAACAC,TCCCTTACCGACT,GAAACCTTTTG,GTGCAAGA,CTGCATA,ACTAAAAAGC,CCTTGTGCACCGTT,TGGAGC,ACGGC,GACCTGGAAGG,TCTAACGTAAAA,AATGTAGTAG,GATGCCCCGGGGGAC,TTCAT,AATCTCGC,GGAGAGGCGTTGTT,TTGACA,TTGACA,TGGCAGG,TATAAT,TATACT,TTGCA
67,None,None,None,None,None,None,None,None,None,90,None,None,30,None,None,None,None,20,None,None,54,64,70,77,87,82,10,39,0,59,None,None,12,24,None,None,None,8,None,None,None,46,None,None,33,None,None,None,None,None,None,None
69,GTGAGGCCATGT,CTCCCATAAAT,TCCCA,GACTCAGACGAA,AACCGCGA,ACTATGCGACCT,CTAAGCGGTTA,GCCCACAGC,GTGGGTTGACACAG,GTCACGCAA,TCCTCAGAG,TTTCCTTGG,GCCGTTG,AGACTTAACG,CATCTGGGCCGGTA,AGTCCGGTTAAG,ATGGGGATTATTCTC,GCCATGCATAAC,CCCAATG,TACCGGCTAGTCC,TTGACA,TTGACA,TGGCAGG,TATAAT,TATACT,TTGCA
69,None,None,None,None,None,None,None,33,None,None,0,71,56,47,None,None,None,None,None,None,42,60,77,66,84,89,None,None,95,None,18,None,None,None,None,9,None,None,None,None,None,None,None,23,92,None,None,None,None,None,None,None
70,TTGGGGCTAC,GTTTAGTTGCACGCT,GGGTGCCAGCGTTGG,TTAAATGTC,TATGTTG,AAAGCAAGCGCGAT,GAAGTGTTGATTC,TTAATCAAGACCC,TTAGCTAGTC,CTCATTCGTACGCT,TGAACG,GGATTAATG,CTGCGCACGG,GCGAT,CTCCTACGCCT,CGAGA,TTGCTGCG,GTTGTAC,ATTCCGTAAACAG,TGCTTATCGAGGACA,TTGACA,TTGACA,TGGCAGG,TATAAT,TATACT,TTGCA
70,None,None,None,None,0,20,None,None,33,None,94,None,None,29,None,None,None,3,None,None,55,66,72,79,89,84,45,None,None,57,None,None,None,None,None,None,None,None,9,None,None,41,14,None,None,None,None,None,None,None,None,None
71,TGCATTCC,GCCGGCATG,GCACT,GAGAACCATATCAG,CTGTAAGGGCGTT,CACACGGGGTCGGTA,TGTCGTGGGGC,TTGCGACC,ATCGAACTG,ATGTGTTT,TGTGTTC,TTGATGGAATAGCT,AAGTGGCAG,TATCCTATAGCAGCG,AGACTAGGTTACAC,GGCACACTCAT,CAAGACACGC,TTAATG,AAGTCTTATGTG,GTCTA,TTGACA,TTGACA,TGGCAGG,TATAAT,TATACT,TTGCA
71,92,11,None,None,None,None,None,None,None,58,18,None,76,None,None,None,None,0,None,25,47,64,79,70,86,91,None,None,37,None,None,None,None,30,51,None,None,None,None,None,None,3,40,None,None,None,None,None,None,None,None,None
72,ACTCGTGAACCC,TTGGCCTG,CTATGCCAGA,CCAAGTTC,CCCGCGACCTTGGGT,CCGACAATAGTAAA,CTAGCACATGAT,ACAAAA,CAGTAGAGGGA,GCATCTT,CGGGTCAAGCCGTT,TTATCGATT,GCGTAACG,GCCATATGAA,GGAACGCCCG,TCTTGTACTCTCGCC,CCGCCGT,AGCCTATCGAATTA,TAAGCCGACC,TACCAGTG,TTGACA,TTGACA,TGGCAGG,TATAAT,TATACT,TTGCA
72,None,None,None,53,None,None,None,None,None,92,None,33,0,None,None,None,None,None,None,None,45,61,78,67,85,90,None,49,None,None,None,None,None,40,16,None,None,None,None,72,9,None,5,None,26,None,None,None,None,None,None,None
73,CTCAGTC,GAGATAAGAGC,GTTGGG,GTTCATT,CTGTCGT,CGAGGTAGCTTAGCC,ATCAACGAA,GCCTTCCAG,ACTGTGCTTCCC,GCCAGAGTTCGGC,GAAAGG,TCTAAATTCATCA,AGCATTCCA,CACAGCGCGA,GTAGGCAGCCCA,GTAAAT,AATCCTAACTACG,TACCAGAT,AGAGTACTCCAGT,GTGTCCAGCAG,TTGACA,TTGACA,TGGCAGG,TATAAT,TATACT,TTGCA
73,None,4,None,39,None,None,None,None,None,None,94,None,12,86,21,50,None,None,None,None,44,55,71,66,78,83,0,None,29,None,33,None,None,None,None,None,None,None,None,None,None,None,None,60,None,None,None,None,None,None,None,None
75,TCAACACTTACTA,ACATTAAGTA,CGGCAG,AGCGAGCAGGTAA,CTCCGGCGCCAGG,TCTTATCGGCTGTC,CGCCCTGTA,TTAGGAGAATT,ATGACGCCATGATGC,CGATCAATC,ATCAGTCCCATG,GGTACCCTT,AATCAGGT,ACGTCTCAAGCACCT,CACGAGGCCTTAAG,AGGAATGTCTAATTG,AAGTGCTGCA,TGGAAAAAGC,CGCGAGGGC,GCATCA,TTGACA,TTGACA,TGGCAGG,TATAAT,TATACT,TTGCA
75,None,None,None,None,None,None,58,None,None,None,None,81,None,None,None,None,None,None,33,None,42,70,76,65,93,88,None,None,29,None,None,None,None,None,None,51,8,None,47,None,None,None,19,0,None,16,None,None,None,None,None,None
76,CAGCTT,TTGCCCATC,TTATTTGTACT,GGGAGAC,TTTGTAGTA,TGATTACTGGTGGA,ATTTAGTAAGGG,CCCCCTGGAGGG,GCCCTATGCCGGCG,GTGGTT,TCGCC,ATAAATACGGGCAT,GGCGAGCG,AAAATCTGCCG,TTTCTCAAGCGTA,TTCCCAAT,GTATCCCGACA,CGAGATC,CGGGGACT,GGTCAGGGATAG,TTGACA,TTGACA,TGGCAGG,TATAAT,TATACT,TTGCA
76,None,None,None,None,None,None,None,None,None,None,None,None,0,None,None,21,None,6,48,None,55,66,72,79,89,84,60,29,None,42,91,None,None,None,None,36,0,None,None,12,None,None,None,None,None,None,None,None,None,None,None,None
77,GCTTTACCTCAA,TAGCTTAT,CAACAGCCGTCGC,CCATCAGTAG,CTACCGGGAAACAGT,CACCC,CGTGTT,GGAACGCT,TGCGTCGT,GGCAA,GAATGATGCTTTAAC,CAGCG,TGGTACACCAGGA,AACGAATAAGATT,CCTGGCGCGCGGGTG,GTCGGACC,TGCGTT,CCTTACCAAGTTTGC,TCGACTGGCCCGTTC,GGAGTTG,TTGACA,TTGACA,TGGCAGG,TATAAT,TATACT,TTGCA
77,None,69,26,None,None,94,47,0,None,None,None,55,None,None,None,None,39,None,None,59,51,63,79,74,86,91,None,None,None,6,None,None,None,None,20,43,None,None,None,None,None,14,None,None,None,None,None,None,None,None,None,None
80,CAATGTAG,ATTGAAAGAGTTCCC,ACATGGGGTGTTGG,ATTAACTG,CATCAG,AACTCCCCCTCTG,CGCTT,CGCACGCATA,CGCGCCGCA,GCGAGCAAGGGA,GCTTAGGTGCA,GAATATACGTC,GGCAG,CACTTAATAGGTG,ATCACCTTAGA,TCCTGAAGTTACT,TTGCGACTAA,TACTCCAGGATTA,TCCGAAATCAGA,GCCGATC,TTGACA,TTGACA,TGGCAGG,TATAAT,TATACT,TTGCA
80,None,None,None,92,52,None,45,None,None,None,None,None,27,None,14,None,5,83,None,None,48,58,64,71,81,76,0,None,None,None,None,None,None,32,38,None,None,None,None,None,None,None,None,None,None,23,None,None,None,None,None,None
81,GGCAA,TGAGAGT,TCAAATCACGTTCGA,TACCTGACTTGTGGT,TCTGGCAACCGTT,GTAATGTGTTGG,CTGTCGCTAAGCGCT,CACAGTTCGAAATAT,CCTGCACGTTTAA,AGTTACGT,TAGCGGAGGTAC,TGTGGTAAC,TTGCCGTCCT,CCAATCAAAACGGTG,GCGTGCCTGCGGT,CAAATACCACACTA,CCACTTACC,GCAAATTAGACG,ACGCGGAGTCGAC,TACAC,TTGACA,TTGACA,TGGCAGG,TATAAT,TATACT,TTGCA
81,95,51,None,None,None,None,None,None,None,None,None,None,None,None,None,None,None,None,None,None,45,57,74,69,81,86,None,None,None,3,None,None,None,None,None,62,24,0,90,None,None,34,14,None,None,22,None,None,None,None,None,None
82,GATGGCC,TTCGCTTCGA,ACACCAGATT,CTTACTTATG,TGCTTACAAAGTGG,TAATT,TTCGT,ATGACGCTCT,GGACAATCCCGCTTA,TATGTTTGGGATG,ATGGAGA,GATCTGGACTCTG,CACACAAA,TGCAGGTCGAG,ACAAACGCT,TAGTCT,CGATTGGG,GTAGTTCCTGCATGT,TATTCAAAGCGCC,GACCCCTACTC,TTGACA,TTGACA,TGGCAGG,TATAAT,TATACT,TTGCA
82,None,None,54,None,None,70,None,None,None,None,14,None,None,None,None,None,None,None,None,None,45,51,79,68,74,91,84,5,None,25,None,None,95,18,None,None,None,None,37,None,33,64,0,None,None,None,None,None,None,None,None,None
83,TTGTTAGAAAGA,AGAATGATC,CTCAGTACGAA,GACGTATTATAA,TTTGGA,GTACGTAATAATATC,AGCGTTATCGTACA,TTATGTATATCC,ATATGCTATTGAGTG,ACACTGCGTCTGGTA,CGGTGTAA,GTATTGTTA,CGTTTAACCC,CTTAAGACCTG,TAAACG,CCCACGAACCTATA,TACCCCACCCTT,AGCCGCCCAATTTAG,CGCATC,GACTCTAGTT,TTGACA,TTGACA,TGGCAGG,TATAAT,TATACT,TTGCA
83,None,49,None,None,0,None,None,None,None,None,8,None,None,None,None,None,34,None,None,None,44,58,73,68,80,85,22,None,None,None,None,None,None,None,None,None,None,28,None,88,64,None,None,None,4,14,None,None,None,None,None,None
84,TTGACAAATGGCCTC,ATGACTT,TTCTAGGACTA,GATGCT,TCTAGCCCAGGGAA,CAATTCCGCACT,AAATAAGCAG,TAACTACCGAAAAGT,AGCAGGATCCTAA,GTACTGCGCGTCGC,GGATCGC,ACTCCT,CAAAGATTATGCTGG,GCAGACGAGT,CTAGT,ACTTCGAGGTAA,AGCTAGGAGATTCC,GAACTGGTGGAG,TCCAGG,CAGTATAGGGA,TTGACA,TTGACA,TGGCAGG,TATAAT,TATACT,TTGCA
84,0,56,21,None,None,None,None,None,None,None,93,87,None,None,None,None,None,None,None,None,51,61,67,74,84,79,None,None,None,31,None,None,43,None,None,None,None,None,None,None,28,None,None,12,90,35,None,None,None,None,None,None
86,GGCAAAC,CTTCG,CCGTCGCCGTC,AGGGCTCGAGACCCG,TCACTGGAA,CAGACC,ATGGGGGAA,GCGTGGATGAAAGAT,TACTAG,CCTTTTCACCCGCAC,CACGAGAAGC,TTGAGT,TTACCTTCTAAGAAA,CCTTTGAGATTGCGT,GACCAAAGAA,AAAGTTGAGTGG,AAGATGCGCGTA,CTAAGGAAGTTT,GAAGGAAGTAGA,GAACAGC,TTGACA,TTGACA,TGGCAGG,TATAAT,TATACT,TTGCA
86,80,None,None,None,None,0,None,None,94,None,44,35,None,None,2,None,None,None,23,None,40,69,75,64,92,87,None,22,None,None,None,None,56,None,None,None,None,None,None,None,None,None,None,10,None,52,None,None,None,None,None,None
89,CAATCAATTAG,AGAGTAACGGA,ATTCC,TTGGGATC,AAACAGTA,GCCCGGGTATTACC,TCTGGTCAA,GCGACTAGATTA,GCTGCACACGGAGG,CTTTTAACTTGGTCA,AGACGAGTGA,AAGGTATCGA,TGATCTAACCACCTG,AGATTAC,CGATTCAGACGT,TAGCAGGC,AACAGCGAAGCTG,CGGCCTGTCAATAGG,GGGAGAGCCGTCCT,GGCCAT,TTGACA,TTGACA,TGGCAGG,TATAAT,TATACT,TTGCA
89,None,30,None,92,None,None,None,None,None,None,None,None,None,None,None,None,None,None,None,None,50,61,67,74,84,79,16,None,38,None,86,None,24,1,None,None,None,42,None,0,None,11,None,None,None,55,None,None,None,None,None,None
92,TAACGATT,CCATTGCTGTATGT,GTCACATCGTCA,GACCAAATTGGA,CCTAATTTAT,TACTTCGA,AGTTGG,ACCCC,CCCAATGCTC,CAAAGGTAGGTTGG,CTGCATATAGA,GCTTAGAACGAG,ATCATCTA,GCGACCGCC,TGTGGAG,GTACT,TCATT,AAGAGTGAGGATAA,TCTGGGCGGGTG,GGATAATTGCCTTG,TTGACA,TTGACA,TGGCAGG,TATAAT,TATACT,TTGCA
92,52,None,None,None,None,92,None,None,None,None,38,None,None,27,0,14,64,None,None,None,58,67,73,80,90,85,None,None,None,None,None,None,34,11,4,None,None,17,45,None,None,None,None,None,None,None,None,None,None,None,None,None
96,TCAGCCTT,TGGGGTTTGCGGTCT,ATGAACCTT,CTATTGAGAC,ACGGAACTGCTT,ATCATTAATCAGT,TCTCCTGATTCCC,CCGACAACAAGGATA,AGTCACCT,TGCGGCTAGGAG,TCGGG,CTCCAG,GTAGC,CCGCT,GGCCCGCGGATC,GCTTAAGGTT,CGAGTCT,GACGTATGATGGCA,TACGGTCAAAGAC,GCCTACT,TTGACA,TTGACA,TGGCAGG,TATAAT,TATACT,TTGCA
96,45,None,None,None,None,None,None,None,22,None,None,None,None,None,None,33,11,None,None,None,51,61,67,74,84,79,None,None,37,14,None,None,None,None,None,88,9,28,5,56,None,None,None,None,None,0,None,None,None,None,None,None
97,AGATACGATTGTTCG,CCCGGGACGCGTT,GCGGAAGAACGATTA,TCACACCTTAT,GAAGGCCGGGTG,CCTTTCA,GGTAGGCA,TGAAT,GACATCGC,GAGTC,CTGGAT,CCGTTTTTCTAG,TGCCCGAGCCCC,ATTCCTTAAT,TCGGACG,TGCGTGCTCG,CGTACCA,ATGAGTGCACA,TTATC,GAATCCATTGA,TTGACA,TTGACA,TGGCAGG,TATAAT,TATACT,TTGCA
97,None,None,None,None,None,30,None,12,51,26,0,None,None,None,None,None,None,None,None,42,49,59,65,72,82,77,None,None,None,4,None,None,None,None,None,None,None,None,None,36,21,88,16,None,3,None,None,None,None,None,None,None
98,CTCGGTCACC,CGGAAAACAA,TCCGCCAATGCAATT,TCAACAAGAATGGGA,TTGAGCGT,GGTAGGAGA,GAGATGTCCCAA,GTGTAGG,TGCGCTACTAAT,GGTAACT,GCACGT,TGAACCAAGCGGT,CCTGA,ATAGAGGCA,AGAGCGAT,TTCCTTATGG,AAAAAGC,GTCAGCGTGCAGAAC,ATACCAACCC,CTCCAAGCCATC,TTGACA,TTGACA,TGGCAGG,TATAAT,TATACT,TTGCA
98,None,None,None,None,91,31,None,17,None,22,86,None,None,None,37,0,None,None,None,None,44,55,72,67,79,84,8,None,None,None,None,None,None,None,None,None,None,None,28,61,None,None,50,None,None,None,None,None,None,None,None,None
100,GTATCGGCTACGG,CCGCTGCAGGG,TAACGGTTCGCCCGA,GGACCTTACATT,GCCGACT,TGTTAGTCTCTTAGA,CGGCCCGT,TGTGAA,ACTTTTCGA,ATGCTAA,TGAAGTTAA,TCCTTTGT,CTAACTTGCTTCA,GAAGCAGCGGAGGA,CCAGGGGC,GGGCACGCT,ACCTAGGGAC,GCGACGCGC,AAACATCTATATGG,ACTTGATTACTA,TTGACA,TTGACA,TGGCAGG,TATAAT,TATACT,TTGCA
100,None,None,None,None,None,None,92,None,None,22,None,None,None,None,0,4,None,None,None,None,44,55,61,68,78,73,None,None,None,27,89,None,None,17,83,None,12,47,None,None,None,None,35,None,None,None,None,None,None,None,None,None
106,TAGAGA,TGTTTT,CGTGGCGAG,AAGCTGGGATCCC,TATCT,GCGCGG,TTGGTTAGATTCTA,ATTACTGCTC,CTACCCACT,CATTTGTGGAAGAA,TATGCCGCGTC,CCTGCCAC,AAGTAGGATT,GAGCACAGTGCCC,TTGAGGCAAAGGG,TTACAGT,GTGAATCCTTCGAAC,CACACCTAGAGTTC,TTCTACCTAAGTGCA,AAGGCGTGCGTCTT,TTGACA,TTGACA,TGGCAGG,TATAAT,TATACT,TTGCA
106,59,84,None,None,None,28,None,13,None,None,None,None,None,0,None,49,None,None,None,None,43,70,77,65,93,88,None,None,20,32,62,None,None,None,53,None,None,76,None,None,None,None,None,None,None,None,None,None,None,None,None,None
108,GTGGCTGCCACAC,AGGGT,GGGTC,AAAAGGTGCCTGG,CTCTCCCAACAATTA,TGGCCA,ATTGTCTCCGAG,TTTTCTTGA,CCATAGTCACT,ATTCGCGCGGCCGTG,CGCGCCCACTCTT,GGACTCTGGATGC,TGACCCTTCGAGGT,ATATATGTA,TGGGTCCCTTATC,CCGGCAA,CTAATTA,CCATT,ACGCTCGAT,CGAGCATAACAAA,TTGACA,TTGACA,TGGCAGG,TATAAT,TATACT,TTGCA
108,None,None,None,None,None,None,None,35,None,None,None,None,None,56,None,93,0,None,None,None,40,51,68,63,75,80,None,47,46,26,None,23,None,None,15,None,None,82,None,None,None,None,None,66,6,None,None,None,None,None,None,None
109,TCTGCGGAAGTAATA,TTAGAGCCGCC,TGCGTAATCGAC,TCTGCGGTC,TCTAT,GATCACA,GCTACCGAGT,ATCACGGCA,TTTGTCAGGGGGCAT,TCGGATGTCAA,TCCTGTGG,CGTAGCGCTAGA,GTGGT,GGGTGGAAAAT,CCGATCCCTTGAAAG,GTCATAT,AGCAACGCGGA,TCAAGCCGTT,AAGTTCTCATAGCCA,AGGAAAGGAGCAG,TTGACA,TTGACA,TGGCAGG,TATAAT,TATACT,TTGCA
109,None,None,None,26,None,3,None,9,None,None,18,None,22,None,None,32,89,None,None,None,45,56,62,69,79,74,None,None,None,None,0,None,82,None,None,45,None,None,None,None,None,None,None,39,None,None,None,None,None,None,None,None
110,TTTTATGT,AACTGGACTCTT,AGCGAGAATTA,CTATG,TACGCTATTGGAG,GTGGTAGC,CACCTAGCA,CAGAATTACACA,GTTCACGCTT,GCCAACTGAAT,CCAAGGATCACT,GGGATCAGGA,CAAAGC,CGAATA,TCCGTT,AGCCATTGACC,TTACCTGT,TACGCAG,GCTAATAAATA,GTAGAGTTAT,TTGACA,TTGACA,TGGCAGG,TATAAT,TATACT,TTGCA
110,None,None,5,None,None,0,56,None,43,None,None,None,None,71,40,None,13,None,None,31,52,65,80,75,87,92,None,None,None,95,None,None,None,18,None,None,None,None,49,None,None,None,None,27,None,None,None,None,None,None,None,None
114,CAGGAT,TGTGC,TAGACTG,TAGAAGG,TTCTCAAT,GTTGA,CGGGTCCTC,TTGGT,GTTTCGA,GTGAATCTTCCTAGG,CGAAGGTTGTACTTA,CAAAAGTCTG,TTATT,GCCAGCCTC,TCGCGCCCTGGCT,GCCACCAA,CCGGTCA,ACGGCACA,GCACCAGCTTTGC,GCCTCTGTCGG,TTGACA,TTGACA,TGGCAGG,TATAAT,TATACT,TTGCA
114,53,35,30,None,None,41,None,69,0,None,None,None,None,None,None,None,48,None,None,None,42,58,73,64,80,85,None,None,None,25,89,None,5,None,None,None,None,None,95,17,None,69,None,35,None,11,None,None,None,None,None,None
115,GCTCTAGGT,GCCCTAAGGGAG,GGATGGGGGTGTT,GCGAGTAAC,AAGCTATGA,ATAAAGT,TAACGTGGAGAAGTA,GGATT,CTGCTATGCTAATA,GCAGG,CCTCACAAAATG,ATAAGGATCGACA,GGACAGTC,CCGAGTGAGTGTTA,AATACTATAGTACG,GGACTAGCG,TGACTAAG,CCAAC,TCAGTT,GTCGATAGCACCCGT,TTGACA,TTGACA,TGGCAGG,TATAAT,TATACT,TTGCA
115,None,43,None,29,None,None,None,95,None,74,None,None,0,None,None,23,None,None,17,None,55,66,72,79,89,84,36,None,None,None,6,60,None,None,None,None,None,None,None,None,None,None,12,20,None,None,None,None,None,None,None,None
116,CTTGGC,CAAAGGCCCAGCCT,TATTCAAGGGATC,CAACT,TGTTCGGCTC,CTGAAAGTTGTA,GATAGAATTCA,TTATTGCGATGGGG,CGGTTGCCGC,TAGCA,TCACATG,CAATGTGTCAGGA,AGGAATCACGC,TGGAGTACTCAGTC,CCCTCGTAGTGAGGG,CCTCCATGGATT,GAATACTGATCGT,GACCGATGCGAGA,GGTTCGAGGG,ACCAAACCTGAA,TTGACA,TTGACA,TGGCAGG,TATAAT,TATACT,TTGCA
116,76,None,None,85,None,14,None,None,None,None,None,None,None,None,None,None,None,None,None,7,43,70,78,65,94,89,None,None,None,None,None,None,51,None,None,62,47,33,26,None,None,None,None,None,0,None,None,None,None,None,None,None
117,ACCAGAG,CCAAAAGGCATGGT,TAGCAA,ACCTTTTCCAAGG,TTATGTTTCGCA,ATTACCGTCGTCAT,AAGCG,TAGACTTAA,GTCGC,AACTCGGTTGATG,TCTCCGA,CAGGCCT,GCGACGAAAG,TACGGACAGGGGTGT,GGACATTTTT,CCTTGATAG,CTGGT,TCGATTCCT,AGACGACCT,TTTCCG,TTGACA,TTGACA,TGGCAGG,TATAAT,TATACT,TTGCA
117,64,None,None,None,None,None,None,None,44,None,23,53,None,None,None,None,None,None,None,None,49,59,76,71,83,88,None,None,0,None,None,None,46,30,None,None,None,None,39,None,None,3,64,9,17,93,None,None,None,None,None,None
118,AACGACACCTGGCG,ATAGTGAT,ACGCCACAC,CTAAACGAAATG,GCTTGACCAAGGAG,GTTTAAACTT,CATTCGGATAGCCT,CTCGTGATTC,TCTCGCCTTCA,ACGGTGTTAACGT,GGAGAGAGTATAAC,TATTGACA,ACGCCCGCAGCT,GTTACGTCACTGAGG,TAAATCAAATGTTAC,AGCTA,TTCCTGGCCTA,ACGCA,AGAGC,GGCAAA,TTGACA,TTGACA,TGGCAGG,TATAAT,TATACT,TTGCA
118,None,None,None,15,None,35,None,0,None,None,None,91,None,None,None,62,7,None,60,None,43,55,70,65,77,82,None,86,28,None,None,None,None,None,None,None,None,None,None,None,None,None,None,25,None,49,None,None,None,None,None,None
119,CATGCCGCCCTT,CTCGATAGT,AACCTCGT,GCTTCGTTG,AGAGCA,CACACTAGA,GGTCTTTC,ACTTACACAGAT,GGACTGCGGATGAT,CCCCACGCGAGCAG,TCATCGAAGCAA,AATGCTGCA,AGCCTGATCAAGGT,AGTCTTA,TCTCTTTTTCGA,AGATC,AATAGG,GTATGAC,AATCATGAAAAGCTT,CCGTACA,TTGACA,TTGACA,TGGCAGG,TATAAT,TATACT,TTGCA
119,None,22,None,46,None,12,0,None,None,None,None,None,None,57,None,18,None,29,None,7,40,52,67,62,74,79,None,None,34,None,88,None,None,None,None,None,None,80,None,None,None,None,94,None,None,None,None,None,None,None,None,None
121,ACGTGCGT,CCACAGGAACCAGA,TCGTGTAGCTA,TCTCT,CGAAACAAC,CAGAGACTTCA,GGTCTTTTTATTT,ACCAGAACATAAACA,ACCGCTCAGCGTG,CGGCGACAGTATAT,TAGACAATT,GTCACTTTAGGGGAC,GACGTCGCCA,GACTCATTTGAGATG,TGACCCT,CGCACGCC,AAGCAA,TAGCAAAATA,AGTAATGA,GTATACCT,TTGACA,TTGACA,TGGCAGG,TATAAT,TATACT,TTGCA
121,None,None,None,83,27,None,None,None,None,None,None,None,None,None,None,None,46,None,6,None,41,70,76,65,94,87,34,None,None,None,None,11,None,None,None,None,50,None,None,None,0,21,None,57,None,91,None,None,None,None,None,None
122,AGCTGAC,ACCTCATG,TCCACAGTTAT,CATAA,CTCCTCTGG,CATGTCTTTGA,CAATTA,ATATACCAACTAAT,GATTGTACGTA,CCGAT,AATTGGTT,AACAAGGACAGG,GGACATTTGATTGG,ACTTGACTCACTG,ATCAAGACCAACGC,TTGGTTTGTTACGCC,TGGCAAAAGAA,CTTTCTTCT,CTGGAACT,GAATCGGG,TTGACA,TTGACA,TGGCAGG,TATAAT,TATACT,TTGCA
122,None,45,None,87,None,49,None,None,None,68,90,None,None,None,None,None,None,None,None,None,40,56,72,62,79,84,34,None,None,None,13,None,89,None,None,None,None,None,None,None,None,None,5,26,20,0,None,None,None,None,None,None
123,CAGGACTCAGGGAA,CGACTATACCA,ATAGACATCCA,CCTAAT,AGCACCTATTTC,TCAATC,CCATGACGCTGAAG,TCTTT,CGTTAATTCCAT,ATCAG,GCCCTACCC,TATTTCGAGG,CCTTACCGAG,AGGGGCAGCCTCT,CTTGGCGAA,TAAAACGGAGCCTGT,CATAGTGCCAACAT,TACGTGGGCCTCCAT,CGGTACGTCAT,TCCATCTAAAATTC,TTGACA,TTGACA,TGGCAGG,TATAAT,TATACT,TTGCA
123,None,None,None,None,None,None,None,65,0,None,None,None,None,None,None,None,None,None,20,None,59,68,74,81,91,86,None,11,None,29,45,57,None,None,None,55,33,41,None,None,None,None,None,None,None,None,None,None,None,None,None,None
124,AAATGATTAA,ACCGCCC,CTGCTT,AATCT,AGCTTCGTACG,GCCAT,CGTCGGCTGAGGCTC,AAATGCCGTGT,GCAAAAA,ATGATC,CGGTTT,TCAGGA,GACAAT,AGTGAAAA,TTGAGGCAACTAGT,CGAGACGTCGTAGTA,GCTAGA,GGAAA,GGACACCTCGCA,CCGTT,TTGACA,TTGACA,TGGCAGG,TATAAT,TATACT,TTGCA
124,9,None,44,17,22,None,None,None,91,0,35,4,62,None,None,None,None,7,None,68,48,60,77,72,84,89,None,32,None,None,None,76,None,51,None,None,None,None,None,38,None,None,19,None,None,None,None,None,None,None,None,None
125,TGCTCACGG,TTCAGCGGG,GCGCGCCACG,CAGGCGGGG,CAGTACCCTTCAAT,TAGCTTTTGTG,GATCT,TCCCTTGCGGCC,ATGCTATGA,TCGGGATCG,CGGAAATGCTGC,TTGTAGGTACTG,TGATGC,AAGGGTAA,TTAGT,TAGGCGTGCGCCCGT,CTACACACGTACAA,GATGGTTAACACA,TCCTGTCCCGTAGAG,ACGAGAGGGTATCC,TTGACA,TTGACA,TGGCAGG,TATAAT,TATACT,TTGCA
125,None,None,27,19,None,None,56,None,91,None,None,None,None,None,71,None,None,None,None,None,43,60,75,66,82,87,9,None,None,None,None,None,None,None,None,49,0,None,15,37,None,None,None,None,None,None,None,None,None,None,None,None
126,TCTACTG,GTGTGAAGAC,TTGACATACATCTAA,ATGTCGACCAT,TTCGCTGAT,ACTACATAGCA,TGTGGAGGC,CTGCAGCGCT,GTAATCTTTTCTTG,TAGGGGGCAACC,GTCTCTTGT,ACTAC,TGCATGGTACGCTGT,GCCGAGCTG,AGTGGCCG,GCTGC,TTCTTGGCC,CTTGGGAAATCCC,ACCCTACACCCG,CCTGCAATTCCATC,TTGACA,TTGACA,TGGCAGG,TATAAT,TATACT,TTGCA
126,None,None,None,None,None,27,6,47,None,None,0,27,None,41,37,46,None,None,None,None,56,67,73,80,90,85,60,None,None,None,None,None,None,None,15,None,None,None,None,None,None,None,12,None,None,None,None,None,None,None,None,None
127,AGCTTGCGCCT,GAAACCCATT,TTCAC,ATTCCCTCCGATAC,GTCCTTAA,CCGAAGTAAGCTCTG,GTCTAAT,TGCGTGCAAA,CTCGCCCTGACTTG,GCGCGTCTGTTTT,CGAAAGCTTGCTTG,GGGACATTGAACTGG,GGCCTACTTAG,CGGGCCCTTA,GCCTAACTTCTCGCA,AACGTTAAC,TACATC,TGTTGTCTCAG,GTGAGCTAGCT,TCTGTG,TTGACA,TTGACA,TGGCAGG,TATAAT,TATACT,TTGCA
127,None,38,None,None,5,None,52,None,None,None,None,None,None,None,None,None,None,None,None,0,46,58,73,68,80,85,None,None,36,None,None,None,None,26,None,None,None,None,None,10,None,19,64,None,89,None,None,None,None,None,None,None
128,TGGTTAGTG,CGTTGAAAT,TATTTGTCCG,AGTTCATCCGG,ATATCGCGCATTCGA,TAGCCA,GTTAATAAG,GACGTTCTATTTTG,GTCCTAGT,TTTCACACGGAGGT,GTCATCCTGA,CGACTG,CATTCCGACGTTTT,CACTCCGGGCTGCCA,GGGCGGCAGT,GGCAGCCACATCGG,CATTCGGCCTT,ATGCT,CTACGATTATC,CCTAACTGTCGCT,TTGACA,TTGACA,TGGCAGG,TATAAT,TATACT,TTGCA
128,None,10,None,34,None,None,None,None,29,None,None,None,None,None,0,None,56,17,None,None,52,65,80,75,87,92,None,None,42,None,None,71,20,None,None,None,None,6,None,None,None,None,None,None,None,None,None,None,None,None,None,None
129,GAATACAGGGGCC,TGACAACCACAACA,CGGCACT,TTTGCAGCGCA,TGTTCACA,GCCAGTCCA,CCGATCGA,ATTGCGGT,CATAAAGCCAG,TGGGATTA,TAGAA,GGAACCCCACTGTGC,GTGTAGATGCGCCAC,GAGGCCCG,ACATCGCGGACGGT,TAAGGAGCGCATGTA,TATTCTTTGT,TTACTAATCAAGTC,GTGGTTCGTCTAC,TCTGAGAACATCC,TTGACA,TTGACA,TGGCAGG,TATAAT,TATACT,TTGCA
129,None,None,None,None,None,89,32,45,83,None,None,None,None,None,None,None,None,None,None,None,40,52,68,63,75,80,8,None,28,None,0,None,None,None,None,21,18,None,None,None,None,None,55,None,None,None,None,None,None,None,None,None
131,GGTACCACTGATA,TTGCTGGTCACTA,CCACGCTCGTACGAA,AAGCTGGGGAGAGC,ACTAGGTGGAGTA,CGTTCGC,CGTTACCGTAG,GTCCATC,GATAA,ACGTTCCAG,CCGGACGTAG,GTATCCTC,CCAGTC,CCTTGAC,AGTACAA,CATCCAGCGG,TAGGCCTCACAGG,CGAGTGTAGAT,CTTTGAGCACG,GCGCTAGAAAT,TTGACA,TTGACA,TGGCAGG,TATAAT,TATACT,TTGCA
131,None,None,None,None,None,93,None,None,51,None,None,0,None,43,None,None,None,None,None,None,45,56,62,69,79,74,None,None,None,None,30,None,None,13,None,19,83,None,17,None,27,7,None,None,None,None,None,None,None,None,None,None
133,TGTGAAACATTC,CCGTGGAC,CGCAAACCC,TTCTGGTT,CAGAAGTTACCC,AAATGA,GTTGCTACG,GCACGGCTCG,TGTTTCCACGACACT,TACGTACCTGAAGCC,AGGCAGGGAA,AGACTTTTGGG,ACGTCGAAGGAGGCG,ACTGCCAAGCGAAGG,GTACCATTGCACAC,AGTTAGCGCTGCT,AGCCTGGCCCC,TTTCCCGA,TGTGCT,GCATCCGAATCTCGA,TTGACA,TTGACA,TGGCAGG,TATAAT,TATACT,TTGCA
133,None,0,35,23,None,49,28,85,None,None,None,8,None,None,None,None,None,None,None,None,44,55,71,66,78,83,None,None,None,None,16,None,None,None,None,None,None,None,None,None,None,None,None,92,60,None,None,None,None,None,None,None
141,CTGTT,CACAAC,CCTAGGGAAGCCGTT,GATGCCCATG,TCGGGCGGTTGCGCG,GGCTAAAGC,ATCAGTCGGGC,GCGGTTAGTC,CTGCGGTTGCAAAGT,CAAATGAAAC,GGAGT,AGCAGGAGGT,GGCACAGTAG,GTTGACGCAGG,TCACGCATGGAGTA,GACGTCCCCA,ACTTCA,TTGGTAGGG,CGCGTTGGG,TATCGCGCAG,TTGACA,TTGACA,TGGCAGG,TATAAT,TATACT,TTGCA
141,0,62,None,39,None,None,None,None,None,None,48,None,None,None,None,11,94,3,None,None,58,68,74,81,91,86,None,None,None,None,22,None,31,None,None,51,None,None,None,None,None,None,None,None,17,None,None,None,None,None,None,None
142,AATAT,ATTTTT,TCAAC,TCTGGACGAC,CCTCATGGAAC,GGCACAGTCAGAAT,TGGCTACTACCAC,TGAAAAGCTAT,CGTGATGAACAAG,CCCTCTAC,ACAGTACGCGCC,GATGAATCTCCTACC,CATGACGTAAG,ATGTGGCGGTAAACA,GGACTAACCC,CTACTGGA,ACTTTGAAGGCCCCC,CCGAATGG,GGCCGGAGATGAGT,TTTAACATAG,TTGACA,TTGACA,TGGCAGG,TATAAT,TATACT,TTGCA
142,76,50,None,None,None,None,None,None,None,None,None,None,34,None,None,None,None,0,None,83,45,54,60,67,78,72,None,None,44,24,None,None,None,89,None,17,None,None,None,None,6,13,None,None,None,None,None,None,None,None,None,None
143,TCTGTGATGCTT,TCGTTGGT,TTATCCTAGGCGACG,ATTTCAAACAGAT,AAGATGAATGA,CTTGTTCA,TCGCAACTCGTA,GAAAC,GGGTTGCCGCC,CAATATACGAGG,CCCATCTT,TGACGACG,TGAGGTTG,TCCTGCAGCA,CCCGAACG,AACCCAG,GCGATTAGCATGTAA,CTCGT,TACGTGCTCCCAAAG,CATTCATCC,TTGACA,TTGACA,TGGCAGG,TATAAT,TATACT,TTGCA
143,None,92,None,None,None,34,None,0,6,None,47,None,59,None,15,None,None,91,None,40,53,64,70,77,87,82,None,None,None,None,26,None,None,None,None,None,None,21,None,None,None,4,None,None,None,None,None,None,None,None,None,None
144,GAATTGAGTACTATC,AGGCCGGTCCCCGC,AACTCTTCGGTGT,TAGCCACTCGCTGGA,ACAATAAATTAAG,CCACGCTA,GAAATTTCCGGCTG,TCAATCTACAAC,ATGCATGG,TCACCGTTTAA,GTTACCATGAA,AGCGTAGTCGATGG,AAAGACTTATCAG,AGGGA,TACTGAG,TTAACTG,GGCGTTCTGCAA,AGGTA,AGCTTGAGTTAC,ACCGACAA,TTGACA,TTGACA,TGGCAGG,TATAAT,TATACT,TTGCA
144,None,None,None,None,None,92,None,None,None,None,None,None,None,None,None,None,None,74,None,None,43,54,70,65,77,82,None,None,None,None,20,None,None,35,None,None,0,None,None,17,60,47,82,None,6,29,None,None,None,None,None,None
146,TATGAGTTCCG,TATATTGTTGA,GGCGCG,AGCCTCTACTAAAC,CACGTGCTACAAGC,CCATGTGTTAGCC,GAGTCGAC,ATATCCGTTCAC,CGCACAAAGAGAGAG,CTGTGT,CGTAC,CCCGAAAT,CAGATATGGCG,CCCCCAG,TAACCGAGA,ATACGCAGTTCA,ATAGGGCCCTAATGA,CACGTGGTGATCAGT,AGGGTGGGGT,GCTTGGTAGG,TTGACA,TTGACA,TGGCAGG,TATAAT,TATACT,TTGCA
146,None,47,None,None,None,None,None,None,None,None,None,92,None,None,None,None,None,None,26,19,54,63,69,76,86,81,None,None,3,None,None,None,34,None,None,57,0,None,5,13,40,None,None,None,None,None,None,None,None,None,None,None
148,CCGCTCATCAGTA,GGGATAA,GTAATTCGC,TAACTG,ACGGGTTC,TTGCCGA,TTCTTCTGACTGGTT,TTTTG,CCGTGACGATTTAA,TCTTCCAA,TGTAAG,AGGTCCACA,CCAAATTTTG,GTGGCCTCCAGATA,GTATGCAT,AACCGTC,GGGTTTGGTG,TCGGCG,TCGGACTTAAAA,TCCAT,TTGACA,TTGACA,TGGCAGG,TATAAT,TATACT,TTGCA
148,None,None,0,None,None,48,None,46,None,37,None,None,41,None,None,32,None,None,None,66,60,70,76,83,93,88,None,21,None,18,53,None,None,None,None,None,27,None,None,None,11,None,None,6,None,None,None,None,None,None,None,None
150,CTTACCGTCTTCTC,TTTCTC,TTGATGT,TCACTAGAAGCTG,ACATG,CGTCG,AAAGCCGAGGGG,GTAACTTTACA,TTATCTC,AACTCCAT,ACACCGCCGGTT,ATGTTGTCATCTGG,GAGAGACG,AACGT,AACGTATT,GGCTTC,GGCTGACA,ATAGTGTAGGGT,GAATAGAAATAG,CGATAC,TTGACA,TTGACA,TGGCAGG,TATAAT,TATACT,TTGCA
150,None,33,None,None,73,43,None,None,None,None,None,None,0,12,12,None,47,None,None,None,60,70,76,83,93,88,None,None,63,None,None,None,24,None,7,54,None,None,None,None,None,20,None,None,None,39,None,None,None,None,None,None
151,CTAATCTCTAT,GAGTTG,CTCCCCCTGCTC,TCAGCATGACGT,AAGCTAGGA,AATGGGATGGAC,CGATT,GTCACCTACCTATAG,TGGATCCCCA,TGCGGAG,CGAAGCCTGAGAC,ACCTTACACGCTC,TTCTTGGGT,CTCTGG,AGACGCTAGATTAAG,TTAGCGTGCCATC,CCAGGTGATTT,CCGTCCCCCCG,GTCGGGACGCAA,GGTGGAGGTTCGTGA,TTGACA,TTGACA,TGGCAGG,TATAAT,TATACT,TTGCA
151,None,None,10,None,91,None,52,None,None,None,None,0,None,27,None,None,37,None,None,None,46,55,61,68,78,73,None,24,None,None,None,None,None,None,30,19,None,None,84,None,None,None,None,None,None,None,None,None,None,None,None,None
153,GCGAGATCCTTTA,TAGGGCGGATT,TGGACGAACTAGAAC,CGTTT,CTGGACCATC,ACTTTGAGAACTC,CACCTAAGAAGGC,TTAATCCCTGGATGT,TACCCCTATC,GATAAA,GTCTGGGCCG,GTCATACCCATTAGA,GGCCTGCCGAT,AGGATCGCTCGCTT,AAATC,CCCGCTGCA,AGTTC,ATCGG,TTCGGAGTTGTG,AGCCT,TTGACA,TTGACA,TGGCAGG,TATAAT,TATACT,TTGCA
153,None,None,None,60,90,None,None,None,13,0,None,None,None,None,3,29,None,20,None,50,54,63,69,76,86,81,None,4,None,None,None,None,None,None,None,None,None,None,20,None,None,None,45,None,36,None,None,None,None,None,None,None
154,TCTAACGACATGACG,CCAAAAGATGGTAAC,GGTGTTCTGG,GCTCA,CCCGAT,AGAAAAACCGT,CCCTAGT,TACACCAG,CGACC,TCGGTTGGATATCGA,AACATAGGCCGT,CGAGT,TCACAAGA,GTTCCGAGATGTC,ACCATCAAGCTCGAT,TAAGCTCGTGT,CCAACCGACTTTT,TGATAGCC,GATTGTG,CACCGCAAACT,TTGACA,TTGACA,TGGCAGG,TATAAT,TATACT,TTGCA
154,None,None,20,38,None,45,None,None,None,None,None,11,40,None,None,None,None,0,None,None,55,66,72,79,89,84,None,None,None,None,33,None,92,26,8,None,None,None,None,None,None,None,None,None,59,13,None,None,None,None,None,None
155,GTGCTCGT,TATCGGGAATCAGCA,CAGCTT,GCGCATAGAC,CCAGGGCGACTTG,GAGGAGCCTGCGTAA,CGCGTGTAGGCA,ACCTCGTT,AACAACCCACT,CTGAA,GCACCCAAGAACGC,ACATTAGACCGAGGT,TCAGTGACT,AGGCAGATAACGCGG,CAAGGA,GTGGTATCTGT,GTGCCCACGT,ACCAGGAG,TGCTATATGAGCT,TGATCGGGACTACA,TTGACA,TTGACA,TGGCAGG,TATAAT,TATACT,TTGCA
155,14,None,37,None,None,None,27,53,None,95,None,None,None,None,None,None,6,None,None,None,41,59,74,65,81,86,None,None,None,20,None,None,None,None,None,None,None,None,90,None,70,44,None,0,None,None,None,None,None,None,None,None
158,AATAGAAGTGCCGCG,CGAGA,GATAAACTAG,AGAGCTGATC,CATAA,GGTTAGAC,GTCTCC,TTTTATCCAG,GGCGCCG,TTTTTGTTG,AACCGAGT,CCGGGCGG,CCTTCC,ACGCGGAGT,CTACCTT,GGGCTG,CGAGCGGGGTCA,AAGGCTATGTTCG,GTGCGTCAATGT,TCTCTAA,TTGACA,TTGACA,TGGCAGG,TATAAT,TATACT,TTGCA
158,None,16,None,None,59,None,49,None,11,None,43,0,94,32,91,6,None,None,None,26,55,64,70,77,87,82,None,None,None,19,None,39,None,None,None,None,None,None,None,None,None,None,None,None,None,None,None,None,None,None,None,None
162,GAGTACTCTGGCAGT,CAGTCAAATA,ATGGAATGCA,GCCGA,TTTGGAAATGC,GCGGTACGA,ACGCTAGGAG,GGATAGA,TACGTCGCAAAG,CCGGTAAAGGCAC,CGTGGAAGAAAG,TAGTGTGTCGTAGTA,TCGGGCATGA,TCCAACATC,CAAACATCTCTTCGA,CCAAGGGTCGC,CAGGTACAT,TCGAT,GATAAA,CCGTACCTATTCAGC,TTGACA,TTGACA,TGGCAGG,TATAAT,TATACT,TTGCA
162,None,64,None,None,None,23,None,None,None,None,None,None,None,13,None,None,52,None,30,None,48,60,77,72,84,89,None,None,90,20,None,None,0,9,None,None,None,None,None,None,36,None,None,35,None,None,None,None,None,None,None,None
165,CGCTTCAGCC,TCACAGTCGCCC,TTAAAC,CCACATCTC,ACAGTAGTAG,GACCC,AGAATTTATAATACC,ATCGTCTCAGACTAC,CTAAAAAGCGAGATC,CTGTAT,GACGCCGAG,ATACCACTCAAGCA,TACGGT,GGTGGGCTCATT,AATCTGACCAGAGG,ATGTGAAGGACCATG,TGCTAGGGGC,GTTTTGGCTGTTA,GAATCAA,TCATTATTG,TTGACA,TTGACA,TGGCAGG,TATAAT,TATACT,TTGCA
165,None,None,0,None,None,None,None,None,None,11,32,None,None,None,None,None,16,None,None,48,54,65,71,78,88,83,23,None,None,38,5,45,None,None,None,None,None,None,59,None,None,None,None,None,93,None,None,None,None,None,None,None
167,ATAGT,GTGCTTGCGCA,TAAATC,TCCTTCTTCGTCG,TAACACAG,CTCTCATGGCTG,CAAGAAGTTTG,CAAACTATG,TAGAAGCG,TGTGCGAGTGGGCCC,TACCAAGAACA,CACGGCA,ATCAT,ATAAGCTGG,CCCCCGTTGCCGAT,TTTATTCATCT,AGCTTGTT,TCTGTGTAGCAGG,AAGGTTGTTGCC,TACGA,TTGACA,TTGACA,TGGCAGG,TATAAT,TATACT,TTGCA
167,None,None,None,None,None,None,None,89,None,None,26,44,None,68,None,11,None,None,None,6,40,57,74,64,81,86,62,None,9,None,20,None,49,None,0,None,None,None,95,None,None,None,33,None,None,None,None,None,None,None,None,None
168,GAACTGCTAACGTA,AAGGGCTGTTAC,GAACGAGCCTTC,GCTGTGACG,GTCCTGA,GGGTGTGAACGAAGA,TATTAGTAA,ACAAGCATCAATCCG,AACGAGGGCGAC,GCACC,TAGAGATGACGA,GCGGTAATTCGTGG,TAAAGCGCGCTTCGT,CTGTTCGAGGGTGCA,CTTAATCAACC,TTTAAGA,AAATTTTCTCA,ATAAAATGAG,TCTTAACGT,GACCGGACGC,TTGACA,TTGACA,TGGCAGG,TATAAT,TATACT,TTGCA
168,None,None,None,None,None,None,39,None,None,60,None,None,None,None,None,None,25,None,0,None,54,65,71,78,88,83,None,44,None,6,93,None,None,None,None,None,None,None,None,None,None,21,None,32,None,13,None,None,None,None,None,None
169,GTGGTGCAGCTTAT,CGTCAAGCAAG,GTATTTCATAG,CATGAGAAACGCG,TCAGCCTAGACGG,AGTTATCC,AAAAGGCT,AACCGGGCAAATAG,GGATGA,CTAGCTCCTGAG,CAGATCGTCCAAGC,GCCGCC,GCAAGGCGACAAGC,AACTGTAGGT,TGCGTAGGTC,TGAGCCTTT,GTAGGA,CGCTTTTAA,GGGTCTGGAAATAA,TCTCCCTATGGGCAT,TTGACA,TTGACA,TGGCAGG,TATAAT,TATACT,TTGCA
169,None,None,None,None,None,None,12,None,84,None,55,None,None,36,None,None,29,5,None,None,45,51,79,69,74,90,None,None,None,None,None,32,None,None,None,18,None,0,None,None,None,13,None,None,None,None,None,None,None,None,None,None
172,ACTGCATCATGCT,CATTTGATC,CGGAAGTCACATTC,ACGACATAAGGT,GAAAACGA,TACCCCGCGAA,TGATAAAAGAAGAG,CAAGTTTGTAAATC,TAACTCGCACGTGTG,CCTCCATGTAGTG,AGCGC,TAGGCGCCGGACGC,AGTGTG,ACTGGGTAACAA,ATTGGGGCGGCACA,AGCTGTCC,TCACCGGTTATG,CCGTTGGA,TTACTGATA,CGCTCACG,TTGACA,TTGACA,TGGCAGG,TATAAT,TATACT,TTGCA
172,None,45,None,None,None,None,None,None,None,None,None,None,None,None,None,None,None,53,None,None,41,70,79,65,94,89,None,None,None,17,25,30,0,None,None,None,85,None,74,None,None,58,None,None,9,None,None,None,None,None,None,None
175,CTTGCATAGATGCAG,GACAGTA,AGGTTTCCAT,ACCTG,TCTTAAACC,GAAGACTGT,GATTCG,GCTCCCGCGTAA,AAGTGCAGCAC,GATTACGCAG,GTGACTTGATA,TAACAAAAACAGCGA,TTTCGATCCCAC,GTGTGATTCGG,TTCAAGCG,TAGACGGATCAAT,GACCAGG,GCAGCAAACCAATC,CCGTGTCTCAGTTC,ATCCGGTCGA,TTGACA,TTGACA,TGGCAGG,TATAAT,TATACT,TTGCA
175,None,56,33,None,None,None,None,None,None,None,None,None,None,13,6,None,29,None,None,41,54,63,69,76,86,81,None,None,None,32,22,0,48,None,None,90,None,None,None,None,None,None,None,None,None,None,None,None,None,None,None,None
178,ATCCTGTC,CCTTGACGATC,GCTCTGCAG,GCTCGAGACAT,ATGTGTTTGCATAA,GCGGGGCTATAAAAG,CTTTCCGGCAT,ATCTCGG,CATCGTT,TAAAATAGG,CGTATCA,TCTGG,CAGGGCG,ATTTAATGCCTC,TAGTTCGTGG,AAACTTCCACG,AGGTGAGATTA,CTGTACTCAATCTCA,TTGCCAGTGTCTTT,CAGAGGCACGGG,TTGACA,TTGACA,TGGCAGG,TATAAT,TATACT,TTGCA
178,None,None,None,21,None,None,None,30,None,None,None,95,None,None,44,None,None,None,None,None,58,67,73,80,90,85,60,None,14,None,None,None,None,None,0,37,5,None,10,None,None,49,None,None,None,None,None,None,None,None,None,None
179,ACTAGCGACCT,CATTAAGTAT,GTGCTC,CTTCTGC,TTTTACGCG,TCATGGGA,GTTCGGA,CGCCCTTTCTC,GAGAGAAGTGTTA,CCTACGAA,CCTAGT,TTAGTG,CCGCGACCTTC,TGTTCAATA,AGGTGAAT,CTTTTA,ATCTGATCTTAGTCT,CCGGTAATGACCAA,AAAGAATGCATGTG,GCGGACG,TTGACA,TTGACA,TGGCAGG,TATAAT,TATACT,TTGCA
179,12,67,3,None,22,None,None,None,None,None,None,0,32,None,45,21,None,None,None,None,52,63,79,74,86,91,None,None,None,93,None,None,7,None,None,40,57,None,None,None,None,None,None,None,None,29,None,None,None,None,None,None
180,AGGGAATGTGC,GGAAGCAGTATTCC,ACGAGATCCTAGACT,ATGCGGT,CGCTTCTCCCTTTGG,ATCCACAG,CCTGCA,TGGGGGACATG,GATAGGGCGCCTTA,GGCGCGC,TCCTAACTGTTTG,CTAAAT,CCTGTAGGCAGTT,ATATG,CTCGCT,AAGGCC,TTCGTCAGCGGAGT,TTTGCTACGTCTGCA,CTTAACTGATCGAA,AATCGACCGAACCC,TTGACA,TTGACA,TGGCAGG,TATAAT,TATACT,TTGCA
180,10,None,None,50,30,4,None,42,None,22,None,0,None,None,28,61,None,None,None,None,56,67,73,80,90,85,None,None,None,None,None,None,18,None,None,None,None,None,None,88,None,None,None,None,None,None,None,None,None,None,None,None
182,GGTTTCTCAATA,TAGCCACTCGGCCA,ACGATCGACGAT,TAGCGCAGGCGCAA,ACAGTGGTTGGG,TACATCCTT,GACCTAGG,AGATGCGAGAAA,TGCCCATTCTACTGT,AAAATAACCT,AATTACCTTGCTGAG,TGGGGCACCCTGTCT,GATATTAC,TACCTTTCA,CCCCAAAGTAGA,TCGGCATCG,AAAGA,GCTCTGACGACCAC,TGCTGACCATATT,GCCGACCAACTTTC,TTGACA,TTGACA,TGGCAGG,TATAAT,TATACT,TTGCA
182,54,None,None,None,44,None,None,None,None,None,None,None,None,10,None,25,None,None,None,None,41,69,75,64,92,87,None,None,30,None,None,None,19,None,None,79,None,None,0,None,None,None,6,None,None,None,None,None,None,None,None,None
183,TTAATACTG,CTATAGGT,GGCCAGATG,CCCGGCATTG,ACGGCCCT,TCCACT,GATATCGGGAGTG,GGTAATG,GTTAAACACGGCCAC,GGAGGC,TGCAGCACATCCGGT,GCGAGCCTACCCGC,CTCATATCA,CGGAGAACGCTTC,CAGCCGAGACG,GGAAAAG,AGTCTGCATTAGAT,GCTTTA,CACAATTTC,GACCATCAAGTTCG,TTGACA,TTGACA,TGGCAGG,TATAAT,TATACT,TTGCA
183,None,55,None,33,None,17,None,None,None,None,None,None,21,None,None,None,None,None,0,None,40,67,73,62,89,84,44,None,8,None,77,None,None,28,None,14,None,None,None,None,None,93,None,50,None,None,None,None,None,None,None,None
184,AATATCAAATAA,AACAAAGGGGA,GGTCCCCC,GTTCTGGTTAGAA,GTCCTCA,TCGGGT,CTGGGAACAGCGACA,TGTGTGCCTCCG,AGAACTGCGCC,CCTCAAGGG,TCCATAGTTTTAA,CGCACGGAGTC,CCGATCGCCGACA,AATCCTT,CAAACACA,CATGCCACTGC,ATTGCTAAATCTTG,TAAAATGGCTGC,CAGCT,GGGCATCTTGC,TTGACA,TTGACA,TGGCAGG,TATAAT,TATACT,TTGCA
184,None,None,None,None,8,None,None,None,None,10,None,0,23,None,57,None,None,None,34,85,47,53,80,70,75,92,None,38,16,None,None,21,None,None,None,None,None,None,None,64,None,None,None,None,None,None,None,None,None,None,None,None
186,CGCGG,AATTCTTGACAC,CTCCTTAAGCG,CGGCCAGTCACTCCT,AAGTACAGTTATGT,TCTTGGTCGTAT,ATTCG,GACTTGATGGGCC,AGCGAG,ATGTAGGGGGTACAC,GACGCCACGA,GGTCATCATTC,CTTACTTGCACTT,GTAAGA,GCATACGCAG,ATTTA,TCCTCGTCGT,CGGAGTCCACC,TTGCTCTCACCGGT,ATATGTTATTACCC,TTGACA,TTGACA,TGGCAGG,TATAAT,TATACT,TTGCA
186,10,None,None,None,None,None,7,None,None,None,None,0,39,None,14,55,24,None,None,None,50,60,66,73,83,78,None,None,89,None,None,None,None,None,87,None,30,None,None,38,None,None,None,None,None,None,None,None,None,None,None,None
187,TCTAG,GTGGG,ACACCGGACGT,GTTACGTGGAAA,CACGAC,CAGTGC,TATCGCTGAAGAT,GCCGCGATC,TTCACGCTGTATC,ACCCCCC,GTTTGGAAGCCAGGT,TCCGTGCTCGAG,GCCGACT,CATAG,GCCCAATGCTGAGC,ATCCGGTCC,CGCGGGACTGCATCT,GCGTATGGCCTA,TCCCCAA,TCTAATATGCG,TTGACA,TTGACA,TGGCAGG,TATAAT,TATACT,TTGCA
187,None,33,54,None,None,None,None,None,None,None,None,None,None,None,None,None,None,17,6,None,51,64,80,75,87,92,70,None,None,None,30,94,None,42,None,0,None,None,12,26,None,36,None,None,None,None,None,None,None,None,None,None
188,TCTGCA,GCCTTCCCGT,GTGGTTCTT,TGCTACACA,CAAGAAGCC,GGCGAAGCGTTGCTG,ATAGATCAT,CCAACGCAAAAC,TAATGCGCCCACC,GCGTGCAGAGA,GTGGAGGTTTACGTT,AGACCCAATTGG,ATGTTAAGC,CGGAAGCCGACTACA,GCCAACTA,GCTCGCTGCCT,GAAGAGTTCT,CCCGTCCTTTATA,TGAGGGCAGTCGC,TGAGA,TTGACA,TTGACA,TGGCAGG,TATAAT,TATACT,TTGCA
188,None,14,47,None,None,None,None,None,None,None,None,None,0,None,None,7,87,19,None,None,41,54,70,65,77,82,83,None,None,None,35,None,59,None,None,None,None,None,None,None,30,None,None,None,None,94,None,None,None,None,None,None
189,GTTTG,GCGAACTTTCC,GGGCGAGCAT,GAGACTT,TACATAGTCAGAA,CCGTTATT,AAGATGCGCTGC,GTCTCCG,AGTTC,TTCTTGAGGA,ACCATAGTTCGCG,AAGGGCAGGG,TAACGCG,CGAACGA,CCCTATGCGA,AGTGGGACGGT,GTCGTA,CTGATCTCTCG,GTTGCACCCGCTGCC,TCGCGCTGCGA,TTGACA,TTGACA,TGGCAGG,TATAAT,TATACT,TTGCA
189,None,11,None,93,None,None,None,None,None,None,None,None,None,None,None,None,None,None,None,4,60,51,66,83,73,78,55,None,36,None,None,86,None,91,26,19,None,43,None,0,None,None,30,None,None,None,None,None,None,None,None,None
191,CTGTCGCTCGCACAC,CGTCTAA,TCAACAGTGATCGG,TCGTTTCTGATCGCT,CCTGCCCAGCGAG,AACTTT,CGCACTTACACGCA,CTTATGTGAGGAT,GGGAACT,TCACCAAAT,GTTCCACTCCGGT,ATCTT,TTGCCCGGAA,GATCATCCTCGTCCT,CACTG,AAGGACACAAG,GATTTCTCTA,ATTGTG,CAATG,ACCCAGG,TTGACA,TTGACA,TGGCAGG,TATAAT,TATACT,TTGCA
191,None,None,None,None,None,83,None,None,80,None,None,0,None,None,72,None,55,None,18,23,40,68,75,63,92,87,None,None,30,None,None,None,None,None,None,48,None,None,11,None,None,2,None,44,None,None,None,None,None,None,None,None
193,GTTTGTCATA,TATGT,TTCAGGTTGATT,GGCGGGA,CATACTTCCA,GCAATCTGATCTCG,CCCTTT,TAATCCCGCCCG,TCGAA,CGCACACCGGTG,TTCCGACCTGTCGT,GTCTTTATAGGCGAG,AGATCT,TAAAAACCTGAG,GTCCTAT,TGCAGAGG,GACTTGTCAACTC,CGGGGTCATTCTAC,GCCTACTCCT,TATTGA,TTGACA,TTGACA,TGGCAGG,TATAAT,TATACT,TTGCA
193,None,None,38,None,None,None,34,None,94,None,None,None,None,None,68,None,None,None,4,58,48,60,77,72,84,89,25,63,None,0,19,None,None,None,None,None,None,None,53,None,None,11,None,None,None,None,None,None,None,None,None,None
199,GTTGCCTAAAAC,ACAGAGGCGTG,TGGCAGCGCTG,TACCAC,GCCAAACG,GGGGAT,CAGCGAGATGAA,GTAATGACTAACTTA,CAGTACACATAAT,TGCTCTATACACA,GAACAG,AGTAGC,TCTGTGGTTTT,TATTA,GCGGGCCA,CCGTATGGGA,ATGTAGACCTTCATA,CACCGG,ATCTACG,TCGTACATCT,TTGACA,TTGACA,TGGCAGG,TATAAT,TATACT,TTGCA
199,None,53,4,None,None,81,None,None,None,None,None,None,None,91,None,None,None,None,22,16,42,70,76,65,94,86,None,None,None,61,27,None,None,None,None,None,12,37,47,None,31,None,None,0,None,None,None,None,None,None,None,None
203,GATATTAGGT,TACAATGTCTCGAT,CGTGG,TTTCTTGGCAA,GCGCAGCGT,CTGCAAGCAGGCC,GGTATGG,GCGATACCCAG,TTTTT,CTCAC,ACGGCCATAAA,GATAAAGACCCC,CCAGTCATTCTCT,GTTTGTCAAACT,ACCTG,CGTCACT,CGACGCAATTAATC,ACAACT,ATCCGGGG,ACCAACACCA,TTGACA,TTGACA,TGGCAGG,TATAAT,TATACT,TTGCA
203,13,None,41,None,45,None,20,None,65,95,None,0,None,None,None,51,None,60,None,None,57,68,74,81,91,86,None,None,None,None,None,None,None,None,None,None,33,None,None,None,77,None,None,None,8,24,None,None,None,None,None,None
204,ATGGAATGTTACG,TCGGTGTGTCCTTCG,CGGCACA,GGGTCAGCAGCGG,CCCAT,GCGGTCGCATAGG,TGCTTACC,CCCTACATGCGTC,AGTTTTC,GACCAGGAC,CGGGCGGAGATCA,TCCAACTTAGATT,TCGTACTGTTGTC,CTAACCGGACGGA,GCAACTTGTC,TACGCTTATGAGGC,ATCAC,ATTTCTGAGTCCAGT,TCTAACTAT,CCGCCATGTCCGAT,TTGACA,TTGACA,TGGCAGG,TATAAT,TATACT,TTGCA
204,None,None,30,None,37,None,None,None,54,0,None,None,None,None,None,None,None,None,59,None,41,70,76,65,93,88,None,None,None,None,None,None,47,6,None,None,19,None,None,None,82,None,18,None,None,None,None,None,None,None,None,None
206,GTAAGG,CGCATATCTT,TAAAG,GACGGCTGATTA,ACAATTGGGGC,ATGTCTTTGGTA,TCCGGG,TCGAACC,TCTATT,CCGATAATAG,GGCTACTC,CGGTTCGATCATC,GCTCTTAT,ATGCGGGTTGA,TCATTTGGCCACTT,GCTCA,TTACGCTAGAGAAGG,ACAACG,CTGGT,GTAGGGGGC,TTGACA,TTGACA,TGGCAGG,TATAAT,TATACT,TTGCA
206,10,None,30,None,53,None,20,None,0,None,14,None,62,37,None,25,None,None,76,None,44,50,80,67,72,92,None,32,None,None,None,None,None,85,None,1,None,None,None,None,None,None,None,None,None,None,None,None,None,None,None,None
209,GCGTA,CCGATTAAGAAC,CATGGTCGAAA,CTGCACTTAGGAGA,GCATTGCG,TGTCACGCGTTAC,CGACAA,AAGCAGGAAT,ATTGAGCGGACT,GTTCGTC,CCTCGCTTT,GTTTGAGCTTA,TCCCAATGATA,TATGCCT,TTCTGATCACTCTTT,CGGTCTA,CACTA,GGGCAAGGGTGAGTT,CCCCGT,GCTCAT,TTGACA,TTGACA,TGGCAGG,TATAAT,TATACT,TTGCA
209,88,None,3,None,83,None,None,None,None,93,None,None,None,34,None,29,20,None,59,0,40,53,69,64,76,81,None,None,None,None,None,None,25,45,None,None,11,None,None,None,None,None,None,None,None,None,None,None,None,None,None,None
210,TCTCTAGGGATA,ACAGTATAGCTTA,CGCCAATCAA,ATCAAGAGGAGTCTG,CTGCCCG,TGGGTTAGAATA,ATGGGTTCTGCAA,TACGGGTGAG,CTACGCTCCAGTGTA,GTTTGTAG,TGTATTG,ACGATCGTCGGA,ACAATTTCTCAG,AATTCC,TTTAGCGGTCCT,TATCTCTTACTAA,CCAGTGGAAGGC,AGTTACACCCATAG,GATATTCATACTCG,GACCTATC,TTGACA,TTGACA,TGGCAGG,TATAAT,TATACT,TTGCA
210,None,11,0,None,37,None,None,None,None,None,None,None,None,None,None,None,None,None,None,None,44,54,60,67,77,72,None,None,None,None,None,None,None,88,None,81,7,None,None,50,None,21,None,None,None,30,None,None,None,None,None,None
211,AAACTCTCCGA,AGGCC,TCCTAACT,CCTGACCTTGTG,TCCAC,CTTGC,TCCGACGGA,GATTCTCGTTCTGAT,TCACATGTGCT,CCAGCCCACC,AATCAGACAA,GCTGGT,TAAAAAAAGAGAC,TGCCTTTA,CTTATATT,GTGCATGAGACCAGA,GCAGCATGAAC,ACGTCTTGAAA,AGCTAAAG,TCTGCAAAAC,TTGACA,TTGACA,TGGCAGG,TATAAT,TATACT,TTGCA
211,27,None,14,None,None,77,33,None,None,None,None,None,None,None,None,None,None,None,3,21,60,50,66,83,73,78,None,56,None,None,93,None,None,None,None,None,42,0,None,6,86,None,None,None,None,None,None,None,None,None,None,None
212,GACCTGGGTTTTCC,ATCGCG,GAAGTGTAGCTA,CTACAAGTA,AAATC,ACGCGTGAT,TCCTCACGG,CGCGTACAAAA,TTTTTAG,GACGTTTC,TGACGTGATCCA,GGTGTCCCTGA,CCATTCGGTAGGT,TGTCCTAGCGT,TCGGTAGTCAC,GCGATCCAACACG,ATGAAGACGGGGC,AGAAA,TGACC,AGCAGGGCAAAT,TTGACA,TTGACA,TGGCAGG,TATAAT,TATACT,TTGCA
212,None,51,None,None,None,6,26,None,14,None,None,33,None,None,None,None,None,19,41,None,46,57,63,70,80,75,None,None,88,82,12,None,None,0,None,20,None,None,None,None,None,None,None,None,None,None,None,None,None,None,None,None
213,CGGGCTGT,CATTACT,TCTCGCGCGA,CAACTA,TCTCGTA,CATGCCTCGTTCCCT,CTCGGAA,TGCACAACAGAA,GTACAAA,TCCTCTGGCAAGCG,AGCGTG,TCGAAA,ACTATGGCT,GAACTGCACA,ATTTACACAGGTG,CAGAG,TAATGGTG,GGAAGGC,TTCTTTGGTT,TCGTACGCGCAA,TTGACA,TTGACA,TGGCAGG,TATAAT,TATACT,TTGCA
213,None,49,None,None,None,None,90,None,None,None,None,14,None,None,None,31,None,93,None,None,42,55,71,66,78,83,58,None,None,39,24,None,None,0,20,None,86,None,34,6,None,None,46,None,None,None,None,None,None,None,None,None
217,CGCGGACG,TATACTGC,TAGCTAGGAAGAATT,TCGTGACTCGTTA,AGAAAACCCGA,CACCTGCTCTCAG,TTAGCGTGTC,GTCAGCT,TTCTAGTCAC,CTTTCAGTGCGA,ATAGGTCGG,TGCCCACA,GTAAA,GGAAGCATA,TACCGCTCTT,GGCTGAATGGA,GGGGTTAGAGTAT,GTTGAGACGATCCAT,TCGTTG,TTCGCCTCCAA,TTGACA,TTGACA,TGGCAGG,TATAAT,TATACT,TTGCA
217,35,80,None,None,None,None,None,93,26,None,14,85,52,8,None,0,None,None,43,None,46,57,63,70,80,75,None,None,None,None,19,None,None,None,None,None,None,None,None,None,None,None,None,None,None,None,None,None,None,None,None,None
219,CTGTATT,GGAATCACCTAAACC,ACGCTACAAAAG,CCACATG,AAGAAAC,CATCGAACCTAAAC,TCCCCGCGCTAGTT,GTAGTAAGTTAA,CTCGTGATGCAC,ACCTATCATTA,CACCCGTACGT,ATCGTATAT,CAAGTC,GCCCGCTCC,AGAACGGCC,ATCAAGTACTTGGTC,CCACATCA,CTAAGAACGTA,GACAGGTCGTATT,TAGTTGCACGG,TTGACA,TTGACA,TGGCAGG,TATAAT,TATACT,TTGCA
219,None,None,None,None,None,None,None,None,None,None,None,67,None,11,5,None,None,26,None,None,51,62,78,73,85,90,0,None,None,93,57,None,None,None,None,None,32,None,48,None,None,None,41,None,None,18,None,None,None,None,None,None
220,GGGCC,TGAGATGTCACGTA,TGGTG,TTTGGACAGAT,CGACTTAGTAG,GGCGGAA,GGGCGATTGGG,TACTACATGTC,GTTTCCTT,GGGTTGCCA,GAGTAGG,CCTGCCGATAAT,CTAAATTTTT,ACTAAGGATACT,GCGAGTCTAAGAGAA,TGAAATTTATCA,TGGGCCATGGCGTC,CGACGATTTGGAG,ACTAGCAA,GTTGGATCACTAGG,TTGACA,TTGACA,TGGCAGG,TATAAT,TATACT,TTGCA
220,None,None,None,40,None,None,None,None,None,None,7,None,33,None,None,None,None,None,85,None,50,59,65,72,82,77,12,None,54,None,None,0,23,None,91,17,None,None,None,None,None,None,None,None,None,None,None,None,None,None,None,None
222,TGACGACA,CGGCCGAGAAATCA,AAGCA,CATCGAATCCTGG,GTGGGCGGCG,GCCTTTAT,TATGCC,GCGACGGATTC,TGAGAATAA,GATGCGGCA,TTGCCCTAACATTGT,GCACGCTTGCAG,CTCAACT,CTCTC,TTTGGATTCTG,TTTCC,GCATGATA,AGCTATAT,TGGAGGATTT,GCGAGATCCACCC,TTGACA,TTGACA,TGGCAGG,TATAAT,TATACT,TTGCA
222,None,None,None,22,None,0,15,None,None,None,None,None,9,None,None,None,88,57,32,None,40,70,76,62,94,86,46,None,67,None,None,None,None,None,4,17,None,None,None,54,None,81,None,None,None,None,None,None,None,None,None,None
